2026-05-09T09:38:20Z,zavod=401,survey=200,brand=200,smm=200,ssh22=OK,tcp443=OK
2026-05-09T10:37:51Z,zavod=401,survey=200,brand=200,smm=200,ssh22=OK,tcp443=OK
2026-05-09T11:35:45Z,zavod=401,survey=200,brand=200,smm=200,ssh22=OK,tcp443=OK
2026-05-09T12:41:22Z,zavod=401,survey=200,brand=200,smm=200,ssh22=OK,tcp443=OK
2026-05-09T14:08:24Z,zavod=401,survey=200,brand=200,smm=200,ssh22=OK,tcp443=OK
2026-05-09T15:14:06Z,zavod=401,survey=200,brand=200,smm=200,ssh22=OK,tcp443=OK
2026-05-09T16:11:47Z,zavod=401,survey=200,brand=200,smm=200,ssh22=OK,tcp443=OK
2026-05-09T17:15:20Z,zavod=401,survey=200,brand=200,smm=200,ssh22=OK,tcp443=OK
2026-05-09T18:10:00Z,zavod=401,survey=200,brand=200,smm=200,ssh22=OK,tcp443=OK
2026-05-09T19:35:37Z,zavod=401,survey=200,brand=200,smm=200,ssh22=OK,tcp443=OK
2026-05-09T20:25:37Z,zavod=401,survey=200,brand=200,smm=200,ssh22=OK,tcp443=OK
2026-05-09T21:23:23Z,zavod=401,survey=200,brand=200,smm=200,ssh22=OK,tcp443=OK
2026-05-09T22:08:07Z,zavod=401,survey=200,brand=200,smm=200,ssh22=OK,tcp443=OK
2026-05-09T23:05:51Z,zavod=401,survey=200,brand=200,smm=200,ssh22=OK,tcp443=OK
2026-05-10T00:02:57Z,zavod=401,survey=200,brand=200,smm=200,ssh22=OK,tcp443=OK
2026-05-10T04:11:09Z,zavod=401,survey=200,brand=200,smm=200,ssh22=OK,tcp443=OK
2026-05-10T06:46:52Z,zavod=401,survey=200,brand=200,smm=200,ssh22=OK,tcp443=OK
2026-05-10T08:47:35Z,zavod=401,survey=200,brand=200,smm=200,ssh22=OK,tcp443=OK
2026-05-10T10:04:11Z,zavod=401,survey=200,brand=200,smm=200,ssh22=OK,tcp443=OK
2026-05-10T11:12:32Z,zavod=401,survey=200,brand=200,smm=200,ssh22=OK,tcp443=OK
2026-05-10T12:06:19Z,zavod=401,survey=200,brand=200,smm=200,ssh22=OK,tcp443=OK
2026-05-10T13:55:32Z,zavod=401,survey=200,brand=200,smm=200,ssh22=OK,tcp443=OK
2026-05-10T15:02:18Z,zavod=401,survey=200,brand=200,smm=200,ssh22=OK,tcp443=OK
2026-05-10T16:05:55Z,zavod=401,survey=200,brand=200,smm=200,ssh22=OK,tcp443=OK
2026-05-10T17:12:20Z,zavod=401,survey=200,brand=200,smm=200,ssh22=OK,tcp443=OK
2026-05-10T18:09:04Z,zavod=401,survey=200,brand=200,smm=200,ssh22=OK,tcp443=OK
2026-05-10T19:34:51Z,zavod=401,survey=200,brand=200,smm=200,ssh22=OK,tcp443=OK
2026-05-10T20:26:40Z,zavod=401,survey=200,brand=200,smm=200,ssh22=OK,tcp443=OK
2026-05-10T21:27:10Z,zavod=401,survey=200,brand=200,smm=200,ssh22=OK,tcp443=OK
2026-05-10T22:25:39Z,zavod=401,survey=200,brand=200,smm=200,ssh22=OK,tcp443=OK
2026-05-10T23:30:25Z,zavod=401,survey=200,brand=200,smm=200,ssh22=OK,tcp443=OK
2026-05-11T01:29:00Z,zavod=401,survey=200,brand=200,smm=200,ssh22=OK,tcp443=OK
2026-05-11T05:29:43Z,zavod=401,survey=200,brand=200,smm=200,ssh22=OK,tcp443=OK
2026-05-11T05:41:43Z,zavod=401,survey=200,brand=200,smm=200,ssh22=OK,tcp443=OK
2026-05-11T08:49:36Z,zavod=401,survey=200,brand=200,smm=200,ssh22=OK,tcp443=OK
2026-05-11T11:59:17Z,zavod=401,survey=200,brand=200,smm=200,ssh22=OK,tcp443=OK
2026-05-11T15:33:26Z,zavod=401,survey=200,brand=200,smm=200,ssh22=OK,tcp443=OK
2026-05-11T17:35:33Z,zavod=000TIMEOUT,survey=000TIMEOUT,brand=000TIMEOUT,smm=000TIMEOUT,ssh22=FAIL,tcp443=FAIL
2026-05-11T19:19:23Z,zavod=401,survey=200,brand=200,smm=200,ssh22=OK,tcp443=OK
2026-05-11T20:58:28Z,zavod=401,survey=200,brand=200,smm=200,ssh22=OK,tcp443=OK
2026-05-11T22:16:26Z,zavod=401,survey=200,brand=200,smm=200,ssh22=OK,tcp443=OK
2026-05-11T23:16:01Z,zavod=401,survey=200,brand=200,smm=200,ssh22=OK,tcp443=OK
2026-05-12T00:15:10Z,zavod=401,survey=200,brand=200,smm=200,ssh22=OK,tcp443=OK
2026-05-12T04:11:06Z,zavod=401,survey=200,brand=200,smm=200,ssh22=OK,tcp443=OK
2026-05-12T07:18:43Z,zavod=401,survey=200,brand=200,smm=200,ssh22=OK,tcp443=OK
2026-05-12T10:03:04Z,zavod=000TIMEOUT,survey=000TIMEOUT,brand=200,smm=200,ssh22=OK,tcp443=OK
2026-05-12T12:11:41Z,zavod=401,survey=200,brand=200,smm=200,ssh22=OK,tcp443=OK
2026-05-12T15:11:48Z,zavod=401,survey=200,brand=200,smm=200,ssh22=OK,tcp443=OK
2026-05-12T17:25:37Z,zavod=401,survey=200,brand=200,smm=200,ssh22=OK,tcp443=OK
2026-05-12T19:19:19Z,zavod=401,survey=200,brand=200,smm=200,ssh22=OK,tcp443=OK
2026-05-12T20:57:23Z,zavod=401,survey=200,brand=200,smm=200,ssh22=OK,tcp443=OK
2026-05-12T22:19:49Z,zavod=401,survey=200,brand=200,smm=200,ssh22=OK,tcp443=OK
2026-05-12T23:34:50Z,zavod=401,survey=200,brand=200,smm=200,ssh22=OK,tcp443=OK
2026-05-13T01:27:21Z,zavod=401,survey=200,brand=200,smm=200,ssh22=OK,tcp443=OK
2026-05-13T05:30:59Z,zavod=000TIMEOUT,survey=200,brand=200,smm=200,ssh22=OK,tcp443=OK
2026-05-13T08:20:01Z,zavod=401,survey=200,brand=200,smm=200,ssh22=OK,tcp443=OK
2026-05-13T11:03:31Z,zavod=401,survey=200,brand=200,smm=200,ssh22=OK,tcp443=OK
2026-05-13T13:26:59Z,zavod=401,survey=200,brand=200,smm=200,ssh22=OK,tcp443=OK
2026-05-13T16:05:21Z,zavod=401,survey=200,brand=200,smm=200,ssh22=OK,tcp443=OK
2026-05-13T18:14:44Z,zavod=401,survey=200,brand=200,smm=200,ssh22=OK,tcp443=OK
2026-05-13T20:14:04Z,zavod=401,survey=200,brand=200,smm=200,ssh22=OK,tcp443=OK
2026-05-13T21:48:31Z,zavod=401,survey=200,brand=200,smm=200,ssh22=OK,tcp443=OK
2026-05-13T22:55:41Z,zavod=401,survey=200,brand=200,smm=200,ssh22=OK,tcp443=OK
2026-05-14T00:10:56Z,zavod=401,survey=200,brand=200,smm=200,ssh22=OK,tcp443=OK
2026-05-14T04:14:44Z,zavod=401,survey=200,brand=200,smm=200,ssh22=OK,tcp443=OK
2026-05-14T07:25:57Z,zavod=401,survey=200,brand=200,smm=200,ssh22=OK,tcp443=OK
2026-05-14T09:57:17Z,zavod=401,survey=200,brand=200,smm=200,ssh22=OK,tcp443=OK
2026-05-14T12:00:45Z,zavod=401,survey=200,brand=200,smm=200,ssh22=OK,tcp443=OK
2026-05-14T14:36:32Z,zavod=401,survey=200,brand=200,smm=200,ssh22=OK,tcp443=OK
2026-05-14T16:33:21Z,zavod=401,survey=200,brand=200,smm=200,ssh22=OK,tcp443=OK
2026-05-14T18:21:51Z,zavod=401,survey=200,brand=200,smm=200,ssh22=OK,tcp443=OK
2026-05-14T20:13:34Z,zavod=000TIMEOUT,survey=000TIMEOUT,brand=000TIMEOUT,smm=000TIMEOUT,ssh22=FAIL,tcp443=FAIL
2026-05-14T21:39:13Z,zavod=401,survey=200,brand=200,smm=200,ssh22=OK,tcp443=OK
2026-05-14T22:42:32Z,zavod=000TIMEOUT,survey=000TIMEOUT,brand=000TIMEOUT,smm=000TIMEOUT,ssh22=FAIL,tcp443=FAIL
2026-05-14T23:41:32Z,zavod=401,survey=200,brand=200,smm=200,ssh22=OK,tcp443=OK
2026-05-15T01:32:09Z,zavod=401,survey=200,brand=200,smm=200,ssh22=OK,tcp443=OK
2026-05-15T05:37:57Z,zavod=401,survey=200,brand=200,smm=200,ssh22=OK,tcp443=OK
2026-05-15T08:30:26Z,zavod=401,survey=200,brand=200,smm=200,ssh22=OK,tcp443=OK
2026-05-15T11:03:03Z,zavod=401,survey=200,brand=200,smm=200,ssh22=OK,tcp443=OK
2026-05-15T13:03:05Z,zavod=401,survey=200,brand=200,smm=200,ssh22=OK,tcp443=OK
2026-05-15T15:27:10Z,zavod=401,survey=200,brand=200,smm=200,ssh22=OK,tcp443=OK
2026-05-15T17:12:26Z,zavod=401,survey=200,brand=200,smm=200,ssh22=OK,tcp443=OK
2026-05-15T18:58:13Z,zavod=401,survey=200,brand=200,smm=200,ssh22=OK,tcp443=OK
2026-05-15T20:21:08Z,zavod=401,survey=200,brand=200,smm=200,ssh22=OK,tcp443=OK
2026-05-15T21:33:17Z,zavod=401,survey=200,brand=200,smm=200,ssh22=OK,tcp443=OK
2026-05-15T22:35:31Z,zavod=401,survey=200,brand=200,smm=200,ssh22=OK,tcp443=OK
2026-05-15T23:37:26Z,zavod=401,survey=200,brand=200,smm=200,ssh22=OK,tcp443=OK
2026-05-16T01:24:30Z,zavod=401,survey=200,brand=200,smm=200,ssh22=OK,tcp443=OK
2026-05-16T04:56:47Z,zavod=401,survey=200,brand=200,smm=200,ssh22=OK,tcp443=OK
2026-05-16T07:22:24Z,zavod=401,survey=200,brand=200,smm=200,ssh22=OK,tcp443=OK
2026-05-16T09:10:50Z,zavod=401,survey=200,brand=200,smm=200,ssh22=OK,tcp443=OK
2026-05-16T10:39:12Z,zavod=401,survey=200,brand=200,smm=200,ssh22=OK,tcp443=OK
2026-05-16T11:37:45Z,zavod=401,survey=200,brand=200,smm=200,ssh22=OK,tcp443=OK
2026-05-16T12:45:07Z,zavod=401,survey=200,brand=200,smm=200,ssh22=OK,tcp443=OK
2026-05-16T14:14:43Z,zavod=401,survey=200,brand=200,smm=200,ssh22=OK,tcp443=OK
2026-05-16T15:30:39Z,zavod=401,survey=200,brand=200,smm=200,ssh22=OK,tcp443=OK
2026-05-16T16:32:20Z,zavod=401,survey=200,brand=200,smm=200,ssh22=OK,tcp443=OK
2026-05-16T17:37:34Z,zavod=000TIMEOUT,survey=000TIMEOUT,brand=000TIMEOUT,smm=000TIMEOUT,ssh22=FAIL,tcp443=FAIL
2026-05-16T18:40:43Z,zavod=401,survey=200,brand=200,smm=200,ssh22=OK,tcp443=OK
2026-05-16T19:49:51Z,zavod=401,survey=200,brand=200,smm=200,ssh22=OK,tcp443=OK
2026-05-16T20:39:31Z,zavod=401,survey=200,brand=200,smm=200,ssh22=OK,tcp443=OK
2026-05-16T21:35:10Z,zavod=401,survey=200,brand=200,smm=200,ssh22=OK,tcp443=OK
2026-05-16T22:28:46Z,zavod=401,survey=200,brand=200,smm=200,ssh22=OK,tcp443=OK
2026-05-16T23:32:16Z,zavod=401,survey=200,brand=200,smm=200,ssh22=OK,tcp443=OK
2026-05-17T01:29:33Z,zavod=401,survey=200,brand=200,smm=200,ssh22=OK,tcp443=OK
2026-05-17T05:32:29Z,zavod=401,survey=200,brand=200,smm=200,ssh22=OK,tcp443=OK
2026-05-17T08:01:15Z,zavod=000TIMEOUT,survey=000TIMEOUT,brand=000TIMEOUT,smm=000TIMEOUT,ssh22=FAIL,tcp443=FAIL
2026-05-17T09:58:02Z,zavod=401,survey=200,brand=200,smm=200,ssh22=OK,tcp443=OK
2026-05-17T11:20:38Z,zavod=401,survey=200,brand=200,smm=200,ssh22=OK,tcp443=OK
2026-05-17T12:10:06Z,zavod=401,survey=200,brand=200,smm=200,ssh22=OK,tcp443=OK
2026-05-17T13:59:18Z,zavod=401,survey=200,brand=200,smm=200,ssh22=OK,tcp443=OK
2026-05-17T15:10:45Z,zavod=401,survey=200,brand=200,smm=200,ssh22=OK,tcp443=OK
2026-05-17T16:14:16Z,zavod=401,survey=200,brand=200,smm=200,ssh22=OK,tcp443=OK
2026-05-17T17:30:33Z,zavod=401,survey=200,brand=200,smm=200,ssh22=OK,tcp443=OK
2026-05-17T18:39:18Z,zavod=401,survey=200,brand=200,smm=200,ssh22=OK,tcp443=OK
2026-05-17T19:52:07Z,zavod=000TIMEOUT,survey=000TIMEOUT,brand=000TIMEOUT,smm=200,ssh22=FAIL,tcp443=FAIL
2026-05-17T20:50:50Z,zavod=401,survey=200,brand=200,smm=200,ssh22=OK,tcp443=OK
2026-05-17T21:51:40Z,zavod=401,survey=200,brand=200,smm=200,ssh22=FAIL,tcp443=FAIL
2026-05-17T22:52:05Z,zavod=401,survey=200,brand=200,smm=200,ssh22=OK,tcp443=OK
2026-05-17T23:56:49Z,zavod=401,survey=200,brand=200,smm=200,ssh22=OK,tcp443=OK
2026-05-18T04:24:35Z,zavod=401,survey=200,brand=200,smm=200,ssh22=FAIL,tcp443=FAIL
2026-05-18T08:32:20Z,zavod=401,survey=200,brand=200,smm=200,ssh22=FAIL,tcp443=FAIL
2026-05-18T12:04:34Z,zavod=401,survey=200,brand=200,smm=200,ssh22=OK,tcp443=OK
2026-05-18T15:55:56Z,zavod=401,survey=200,brand=200,smm=200,ssh22=OK,tcp443=OK
2026-05-18T18:07:03Z,zavod=401,survey=200,brand=200,smm=200,ssh22=OK,tcp443=OK
2026-05-18T20:01:07Z,zavod=401,survey=200,brand=200,smm=200,ssh22=OK,tcp443=OK
2026-05-18T21:22:53Z,zavod=401,survey=200,brand=200,smm=200,ssh22=OK,tcp443=OK
2026-05-18T22:32:30Z,zavod=401,survey=200,brand=200,smm=200,ssh22=FAIL,tcp443=FAIL
2026-05-18T23:41:59Z,zavod=401,survey=200,brand=200,smm=200,ssh22=OK,tcp443=OK
2026-05-19T01:50:27Z,zavod=401,survey=200,brand=200,smm=200,ssh22=OK,tcp443=OK
2026-05-19T06:03:15Z,zavod=401,survey=200,brand=200,smm=200,ssh22=OK,tcp443=OK
2026-05-19T10:04:52Z,zavod=401,survey=200,brand=200,smm=200,ssh22=FAIL,tcp443=FAIL
2026-05-19T13:30:01Z,zavod=401,survey=200,brand=200,smm=200,ssh22=OK,tcp443=OK
2026-05-19T16:38:56Z,zavod=401,survey=200,brand=200,smm=200,ssh22=OK,tcp443=OK
2026-05-19T18:27:53Z,zavod=401,survey=200,brand=200,smm=200,ssh22=FAIL,tcp443=FAIL
2026-05-19T20:17:10Z,zavod=401,survey=200,brand=200,smm=200,ssh22=OK,tcp443=OK
2026-05-19T21:50:44Z,zavod=401,survey=200,brand=200,smm=200,ssh22=OK,tcp443=OK
2026-05-19T23:00:00Z,zavod=401,survey=200,brand=200,smm=200,ssh22=OK,tcp443=OK
2026-05-20T00:16:09Z,zavod=401,survey=200,brand=200,smm=200,ssh22=OK,tcp443=OK
2026-05-20T04:41:35Z,zavod=401,survey=200,brand=200,smm=200,ssh22=OK,tcp443=OK
2026-05-20T08:17:16Z,zavod=401,survey=200,brand=200,smm=200,ssh22=FAIL,tcp443=FAIL
2026-05-20T11:23:38Z,zavod=401,survey=200,brand=200,smm=200,ssh22=OK,tcp443=OK
2026-05-20T14:05:41Z,zavod=401,survey=200,brand=200,smm=200,ssh22=OK,tcp443=OK
2026-05-20T17:29:52Z,zavod=401,survey=200,brand=200,smm=200,ssh22=FAIL,tcp443=FAIL
2026-05-20T19:50:42Z,zavod=401,survey=200,brand=200,smm=200,ssh22=OK,tcp443=OK
2026-05-20T21:48:05Z,zavod=401,survey=200,brand=200,smm=200,ssh22=OK,tcp443=OK
2026-05-20T23:03:03Z,zavod=401,survey=200,brand=200,smm=200,ssh22=OK,tcp443=OK
2026-05-21T00:16:58Z,zavod=401,survey=200,brand=200,smm=200,ssh22=OK,tcp443=OK
2026-05-21T04:50:03Z,zavod=401,survey=200,brand=200,smm=200,ssh22=OK,tcp443=OK
2026-05-21T08:29:08Z,zavod=401,survey=200,brand=200,smm=200,ssh22=OK,tcp443=OK
2026-05-21T11:50:50Z,zavod=401,survey=200,brand=200,smm=200,ssh22=OK,tcp443=OK
2026-05-21T14:56:37Z,zavod=401,survey=200,brand=200,smm=200,ssh22=FAIL,tcp443=FAIL
2026-05-21T17:32:29Z,zavod=401,survey=200,brand=200,smm=200,ssh22=OK,tcp443=OK
2026-05-21T19:28:31Z,zavod=401,survey=200,brand=200,smm=200,ssh22=FAIL,tcp443=FAIL
2026-05-21T21:15:08Z,zavod=401,survey=200,brand=200,smm=200,ssh22=OK,tcp443=OK
2026-05-21T22:45:36Z,zavod=401,survey=200,brand=200,smm=200,ssh22=OK,tcp443=OK
2026-05-21T23:44:53Z,zavod=401,survey=200,brand=200,smm=200,ssh22=OK,tcp443=OK
2026-05-22T01:52:17Z,zavod=401,survey=200,brand=200,smm=200,ssh22=FAIL,tcp443=FAIL
2026-05-22T06:07:11Z,zavod=401,survey=200,brand=200,smm=200,ssh22=OK,tcp443=OK
2026-05-22T09:49:29Z,zavod=401,survey=200,brand=200,smm=200,ssh22=OK,tcp443=OK
2026-05-22T12:13:07Z,zavod=401,survey=200,brand=200,smm=200,ssh22=OK,tcp443=OK
2026-05-22T15:26:26Z,zavod=401,survey=200,brand=200,smm=200,ssh22=OK,tcp443=OK
2026-05-22T17:25:26Z,zavod=401,survey=200,brand=200,smm=200,ssh22=OK,tcp443=OK
2026-05-22T19:14:33Z,zavod=401,survey=200,brand=200,smm=200,ssh22=OK,tcp443=OK
2026-05-22T20:51:06Z,zavod=401,survey=200,brand=200,smm=200,ssh22=OK,tcp443=OK
2026-05-22T22:04:38Z,zavod=401,survey=200,brand=200,smm=200,ssh22=OK,tcp443=OK
2026-05-22T23:18:17Z,zavod=401,survey=200,brand=200,smm=200,ssh22=OK,tcp443=OK
2026-05-23T01:21:10Z,zavod=401,survey=200,brand=200,smm=200,ssh22=OK,tcp443=OK
2026-05-23T05:00:07Z,zavod=401,survey=200,brand=200,smm=200,ssh22=OK,tcp443=OK
2026-05-23T07:38:21Z,zavod=401,survey=200,brand=200,smm=200,ssh22=FAIL,tcp443=FAIL
2026-05-23T09:26:33Z,zavod=401,survey=200,brand=200,smm=200,ssh22=OK,tcp443=OK
2026-05-23T10:55:46Z,zavod=401,survey=200,brand=200,smm=200,ssh22=OK,tcp443=OK
2026-05-23T12:03:20Z,zavod=401,survey=200,brand=200,smm=200,ssh22=OK,tcp443=OK
2026-05-23T14:00:37Z,zavod=401,survey=200,brand=200,smm=200,ssh22=OK,tcp443=OK
2026-05-23T15:15:10Z,zavod=401,survey=200,brand=200,smm=200,ssh22=OK,tcp443=OK
2026-05-23T16:16:07Z,zavod=401,survey=200,brand=200,smm=200,ssh22=OK,tcp443=OK
2026-05-23T17:31:17Z,zavod=401,survey=200,brand=200,smm=200,ssh22=OK,tcp443=OK
2026-05-23T18:39:37Z,zavod=401,survey=200,brand=200,smm=200,ssh22=OK,tcp443=OK
2026-05-23T19:52:21Z,zavod=401,survey=200,brand=200,smm=200,ssh22=OK,tcp443=OK
2026-05-23T20:52:30Z,zavod=401,survey=200,brand=200,smm=200,ssh22=FAIL,tcp443=FAIL
2026-05-23T21:55:02Z,zavod=401,survey=200,brand=200,smm=200,ssh22=OK,tcp443=OK
2026-05-23T22:59:01Z,zavod=401,survey=200,brand=200,smm=200,ssh22=OK,tcp443=OK
2026-05-24T00:07:03Z,zavod=401,survey=200,brand=200,smm=200,ssh22=FAIL,tcp443=FAIL
2026-05-24T04:38:48Z,zavod=401,survey=200,brand=200,smm=200,ssh22=OK,tcp443=OK
2026-05-24T07:41:31Z,zavod=401,survey=200,brand=200,smm=200,ssh22=OK,tcp443=OK
2026-05-24T09:33:00Z,zavod=401,survey=200,brand=200,smm=200,ssh22=OK,tcp443=OK
2026-05-24T11:01:13Z,zavod=401,survey=200,brand=200,smm=200,ssh22=OK,tcp443=OK
2026-05-24T12:08:45Z,zavod=401,survey=200,brand=200,smm=200,ssh22=OK,tcp443=OK
2026-05-24T14:01:24Z,zavod=401,survey=200,brand=200,smm=200,ssh22=OK,tcp443=OK
2026-05-24T15:18:35Z,zavod=401,survey=200,brand=200,smm=200,ssh22=OK,tcp443=OK
2026-05-24T16:31:06Z,zavod=401,survey=200,brand=200,smm=200,ssh22=OK,tcp443=OK
2026-05-24T17:36:14Z,zavod=401,survey=200,brand=200,smm=200,ssh22=OK,tcp443=OK
2026-05-24T18:47:30Z,zavod=401,survey=200,brand=200,smm=200,ssh22=OK,tcp443=OK
2026-05-24T19:58:05Z,zavod=401,survey=200,brand=200,smm=200,ssh22=OK,tcp443=OK
2026-05-24T21:08:33Z,zavod=401,survey=200,brand=200,smm=200,ssh22=OK,tcp443=OK
2026-05-24T22:11:45Z,zavod=401,survey=200,brand=200,smm=200,ssh22=OK,tcp443=OK
2026-05-24T23:17:21Z,zavod=401,survey=200,brand=200,smm=200,ssh22=OK,tcp443=OK
2026-05-25T01:29:41Z,zavod=401,survey=200,brand=200,smm=200,ssh22=OK,tcp443=OK
2026-05-25T06:07:32Z,zavod=401,survey=200,brand=200,smm=200,ssh22=OK,tcp443=OK
2026-05-25T10:48:18Z,zavod=401,survey=200,brand=200,smm=200,ssh22=OK,tcp443=OK
2026-05-25T13:54:33Z,zavod=401,survey=200,brand=200,smm=200,ssh22=OK,tcp443=OK
2026-05-25T16:25:41Z,zavod=401,survey=200,brand=200,smm=200,ssh22=OK,tcp443=OK
2026-05-25T18:11:07Z,zavod=401,survey=200,brand=200,smm=200,ssh22=OK,tcp443=OK
2026-05-25T20:00:48Z,zavod=401,survey=200,brand=200,smm=200,ssh22=OK,tcp443=OK
2026-05-25T21:20:57Z,zavod=401,survey=200,brand=200,smm=200,ssh22=OK,tcp443=OK
2026-05-25T22:33:51Z,zavod=401,survey=200,brand=200,smm=200,ssh22=OK,tcp443=OK
2026-05-25T23:43:31Z,zavod=401,survey=200,brand=200,smm=200,ssh22=OK,tcp443=OK
2026-05-26T01:46:44Z,zavod=401,survey=200,brand=200,smm=200,ssh22=FAIL,tcp443=FAIL
2026-05-26T05:54:06Z,zavod=401,survey=200,brand=200,smm=200,ssh22=OK,tcp443=OK
2026-05-26T10:04:44Z,zavod=401,survey=200,brand=200,smm=200,ssh22=OK,tcp443=OK
2026-05-26T12:48:44Z,zavod=401,survey=200,brand=200,smm=200,ssh22=OK,tcp443=OK
2026-05-26T16:36:43Z,zavod=401,survey=200,brand=200,smm=200,ssh22=OK,tcp443=OK
2026-05-26T19:08:48Z,zavod=401,survey=200,brand=200,smm=200,ssh22=FAIL,tcp443=FAIL
2026-05-26T21:01:31Z,zavod=401,survey=200,brand=200,smm=200,ssh22=OK,tcp443=OK
2026-05-26T22:37:28Z,zavod=401,survey=200,brand=200,smm=200,ssh22=OK,tcp443=OK
2026-05-26T23:48:11Z,zavod=401,survey=200,brand=200,smm=200,ssh22=OK,tcp443=OK
2026-05-27T02:07:47Z,zavod=401,survey=200,brand=200,smm=200,ssh22=OK,tcp443=OK
2026-05-27T06:40:40Z,zavod=401,survey=200,brand=200,smm=200,ssh22=OK,tcp443=OK
2026-05-27T10:42:50Z,zavod=401,survey=200,brand=200,smm=200,ssh22=OK,tcp443=OK
2026-05-27T14:13:55Z,zavod=401,survey=200,brand=200,smm=200,ssh22=OK,tcp443=OK
2026-05-27T17:36:11Z,zavod=401,survey=200,brand=200,smm=200,ssh22=OK,tcp443=OK
2026-05-27T19:48:50Z,zavod=401,survey=200,brand=200,smm=200,ssh22=OK,tcp443=OK
2026-05-27T21:45:38Z,zavod=401,survey=200,brand=200,smm=200,ssh22=OK,tcp443=OK
2026-05-27T23:04:57Z,zavod=401,survey=200,brand=200,smm=200,ssh22=OK,tcp443=OK
2026-05-28T00:13:00Z,zavod=401,survey=200,brand=200,smm=200,ssh22=OK,tcp443=OK
2026-05-28T04:44:42Z,zavod=401,survey=200,brand=200,smm=200,ssh22=OK,tcp443=OK
2026-05-28T08:35:51Z,zavod=401,survey=200,brand=200,smm=200,ssh22=OK,tcp443=OK
2026-05-28T12:06:13Z,zavod=401,survey=200,brand=200,smm=200,ssh22=OK,tcp443=OK
2026-05-28T16:33:27Z,zavod=401,survey=200,brand=200,smm=200,ssh22=OK,tcp443=OK
2026-05-28T19:17:19Z,zavod=401,survey=200,brand=200,smm=200,ssh22=OK,tcp443=OK
2026-05-28T21:27:09Z,zavod=401,survey=200,brand=200,smm=200,ssh22=OK,tcp443=OK
2026-05-28T22:55:27Z,zavod=401,survey=200,brand=200,smm=200,ssh22=OK,tcp443=OK
2026-05-29T00:16:21Z,zavod=401,survey=200,brand=200,smm=200,ssh22=OK,tcp443=OK
2026-05-29T04:49:18Z,zavod=401,survey=200,brand=200,smm=200,ssh22=OK,tcp443=OK
2026-05-29T08:38:02Z,zavod=401,survey=200,brand=200,smm=200,ssh22=OK,tcp443=OK
2026-05-29T11:56:42Z,zavod=401,survey=200,brand=200,smm=200,ssh22=OK,tcp443=OK
2026-05-29T16:04:13Z,zavod=401,survey=200,brand=200,smm=200,ssh22=OK,tcp443=OK
2026-05-29T18:42:04Z,zavod=401,survey=200,brand=200,smm=200,ssh22=OK,tcp443=OK
2026-05-29T21:02:58Z,zavod=401,survey=200,brand=200,smm=200,ssh22=OK,tcp443=OK
2026-05-29T22:41:12Z,zavod=401,survey=200,brand=200,smm=200,ssh22=OK,tcp443=OK
2026-05-29T23:56:28Z,zavod=401,survey=200,brand=200,smm=200,ssh22=OK,tcp443=OK
2026-05-30T04:11:07Z,zavod=401,survey=200,brand=200,smm=200,ssh22=FAIL,tcp443=FAIL
2026-05-30T07:21:38Z,zavod=401,survey=200,brand=200,smm=200,ssh22=OK,tcp443=OK
2026-05-30T09:29:33Z,zavod=401,survey=200,brand=200,smm=200,ssh22=OK,tcp443=OK
2026-05-30T11:03:40Z,zavod=401,survey=200,brand=200,smm=200,ssh22=OK,tcp443=OK
2026-05-30T12:14:08Z,zavod=401,survey=200,brand=200,smm=200,ssh22=FAIL,tcp443=FAIL
2026-05-30T14:09:43Z,zavod=401,survey=200,brand=200,smm=200,ssh22=OK,tcp443=OK
2026-05-30T15:37:39Z,zavod=401,survey=200,brand=200,smm=200,ssh22=OK,tcp443=OK
2026-05-30T16:43:24Z,zavod=401,survey=200,brand=200,smm=200,ssh22=OK,tcp443=OK
2026-05-30T17:50:20Z,zavod=401,survey=200,brand=200,smm=200,ssh22=OK,tcp443=OK
2026-05-30T19:04:57Z,zavod=401,survey=200,brand=200,smm=200,ssh22=OK,tcp443=OK
2026-05-30T20:16:26Z,zavod=401,survey=200,brand=200,smm=200,ssh22=OK,tcp443=OK
2026-05-30T21:29:03Z,zavod=401,survey=200,brand=200,smm=200,ssh22=OK,tcp443=OK
2026-05-30T22:33:32Z,zavod=401,survey=200,brand=200,smm=200,ssh22=OK,tcp443=OK
2026-05-30T23:40:16Z,zavod=401,survey=200,brand=200,smm=200,ssh22=OK,tcp443=OK
2026-05-31T01:53:16Z,zavod=401,survey=200,brand=200,smm=200,ssh22=OK,tcp443=OK
2026-05-31T06:21:41Z,zavod=401,survey=200,brand=200,smm=200,ssh22=OK,tcp443=OK
2026-05-31T09:28:37Z,zavod=401,survey=200,brand=200,smm=200,ssh22=OK,tcp443=OK
2026-05-31T11:18:27Z,zavod=401,survey=200,brand=200,smm=200,ssh22=FAIL,tcp443=FAIL
2026-05-31T12:54:17Z,zavod=401,survey=200,brand=200,smm=200,ssh22=OK,tcp443=OK
2026-05-31T14:49:33Z,zavod=401,survey=200,brand=200,smm=200,ssh22=OK,tcp443=OK
2026-05-31T16:00:12Z,zavod=401,survey=200,brand=200,smm=200,ssh22=OK,tcp443=OK
2026-05-31T17:19:26Z,zavod=401,survey=200,brand=200,smm=200,ssh22=OK,tcp443=OK
2026-05-31T18:41:39Z,zavod=401,survey=200,brand=200,smm=200,ssh22=OK,tcp443=OK
2026-05-31T19:56:12Z,zavod=401,survey=200,brand=200,smm=200,ssh22=OK,tcp443=OK
2026-05-31T21:10:40Z,zavod=401,survey=200,brand=200,smm=200,ssh22=OK,tcp443=OK
2026-05-31T22:16:12Z,zavod=401,survey=200,brand=200,smm=200,ssh22=OK,tcp443=OK
2026-05-31T23:34:40Z,zavod=401,survey=200,brand=200,smm=200,ssh22=OK,tcp443=OK
2026-06-01T01:59:30Z,zavod=401,survey=200,brand=200,smm=200,ssh22=OK,tcp443=OK
2026-06-01T07:18:00Z,zavod=401,survey=200,brand=200,smm=200,ssh22=OK,tcp443=OK
2026-06-01T13:06:18Z,zavod=401,survey=200,brand=200,smm=200,ssh22=OK,tcp443=OK
2026-06-01T18:51:01Z,zavod=401,survey=200,brand=200,smm=200,ssh22=OK,tcp443=OK
2026-06-01T21:58:01Z,zavod=401,survey=200,brand=200,smm=200,ssh22=OK,tcp443=OK
2026-06-01T23:41:19Z,zavod=401,survey=200,brand=200,smm=200,ssh22=OK,tcp443=OK
2026-06-02T02:04:54Z,zavod=401,survey=200,brand=200,smm=200,ssh22=OK,tcp443=OK
2026-06-02T06:55:26Z,zavod=401,survey=200,brand=200,smm=200,ssh22=OK,tcp443=OK
2026-06-02T11:23:54Z,zavod=401,survey=200,brand=200,smm=200,ssh22=FAIL,tcp443=FAIL
2026-06-02T15:42:49Z,zavod=401,survey=200,brand=200,smm=200,ssh22=FAIL,tcp443=FAIL
2026-06-02T19:30:44Z,zavod=401,survey=200,brand=200,smm=200,ssh22=OK,tcp443=OK
2026-06-02T22:09:11Z,zavod=401,survey=200,brand=200,smm=200,ssh22=OK,tcp443=OK
2026-06-03T00:02:16Z,zavod=401,survey=200,brand=200,smm=200,ssh22=OK,tcp443=OK
2026-06-03T05:08:18Z,zavod=401,survey=200,brand=200,smm=200,ssh22=FAIL,tcp443=FAIL
2026-06-03T10:06:48Z,zavod=401,survey=200,brand=200,smm=200,ssh22=OK,tcp443=OK
2026-06-03T15:03:26Z,zavod=401,survey=200,brand=200,smm=200,ssh22=OK,tcp443=OK
2026-06-03T18:56:46Z,zavod=401,survey=200,brand=200,smm=200,ssh22=OK,tcp443=OK
2026-06-03T21:56:52Z,zavod=401,survey=200,brand=200,smm=200,ssh22=OK,tcp443=OK
2026-06-03T23:53:58Z,zavod=401,survey=200,brand=200,smm=200,ssh22=OK,tcp443=OK
2026-06-04T04:26:40Z,zavod=401,survey=200,brand=200,smm=200,ssh22=OK,tcp443=OK
2026-06-04T08:39:20Z,zavod=401,survey=200,brand=200,smm=200,ssh22=OK,tcp443=OK
2026-06-04T11:40:11Z,zavod=401,survey=200,brand=200,smm=200,ssh22=OK,tcp443=OK
2026-06-04T14:18:08Z,zavod=401,survey=200,brand=200,smm=200,ssh22=FAIL,tcp443=FAIL
2026-06-04T17:26:43Z,zavod=401,survey=200,brand=200,smm=200,ssh22=OK,tcp443=OK
2026-06-04T19:38:07Z,zavod=401,survey=200,brand=200,smm=200,ssh22=OK,tcp443=OK
2026-06-04T21:18:10Z,zavod=401,survey=200,brand=200,smm=200,ssh22=OK,tcp443=OK
2026-06-04T22:50:41Z,zavod=401,survey=200,brand=200,smm=200,ssh22=OK,tcp443=OK
2026-06-05T00:02:06Z,zavod=401,survey=200,brand=200,smm=200,ssh22=OK,tcp443=OK
2026-06-05T04:44:24Z,zavod=401,survey=200,brand=200,smm=200,ssh22=FAIL,tcp443=FAIL
2026-06-05T08:35:36Z,zavod=401,survey=200,brand=200,smm=200,ssh22=OK,tcp443=OK
2026-06-05T11:48:46Z,zavod=401,survey=200,brand=200,smm=200,ssh22=OK,tcp443=OK
2026-06-05T14:24:22Z,zavod=401,survey=200,brand=200,smm=200,ssh22=OK,tcp443=OK
2026-06-05T17:00:00Z,zavod=401,survey=200,brand=200,smm=200,ssh22=OK,tcp443=OK
2026-06-05T19:04:53Z,zavod=401,survey=200,brand=200,smm=200,ssh22=OK,tcp443=OK
2026-06-05T20:54:46Z,zavod=401,survey=200,brand=200,smm=200,ssh22=OK,tcp443=OK
2026-06-05T22:20:07Z,zavod=401,survey=200,brand=200,smm=200,ssh22=OK,tcp443=OK
2026-06-05T23:44:15Z,zavod=401,survey=200,brand=200,smm=200,ssh22=OK,tcp443=OK
2026-06-06T01:47:16Z,zavod=401,survey=200,brand=200,smm=200,ssh22=OK,tcp443=OK
2026-06-06T05:42:56Z,zavod=401,survey=200,brand=200,smm=200,ssh22=OK,tcp443=OK
2026-06-06T08:16:14Z,zavod=401,survey=200,brand=200,smm=200,ssh22=OK,tcp443=OK
2026-06-06T10:26:28Z,zavod=401,survey=200,brand=200,smm=200,ssh22=FAIL,tcp443=FAIL
2026-06-06T11:57:08Z,zavod=401,survey=200,brand=200,smm=200,ssh22=OK,tcp443=OK
2026-06-06T14:03:24Z,zavod=401,survey=200,brand=200,smm=200,ssh22=OK,tcp443=OK
2026-06-06T15:38:17Z,zavod=401,survey=200,brand=200,smm=200,ssh22=OK,tcp443=OK
2026-06-06T16:47:18Z,zavod=401,survey=200,brand=200,smm=200,ssh22=OK,tcp443=OK
2026-06-06T17:57:28Z,zavod=401,survey=200,brand=200,smm=200,ssh22=OK,tcp443=OK
2026-06-06T19:42:53Z,zavod=401,survey=200,brand=200,smm=200,ssh22=OK,tcp443=OK
2026-06-06T20:47:43Z,zavod=401,survey=200,brand=200,smm=200,ssh22=OK,tcp443=OK
2026-06-06T21:52:32Z,zavod=401,survey=200,brand=200,smm=200,ssh22=OK,tcp443=OK
2026-06-06T23:04:23Z,zavod=401,survey=200,brand=200,smm=200,ssh22=OK,tcp443=OK
2026-06-07T00:15:52Z,zavod=401,survey=200,brand=200,smm=200,ssh22=OK,tcp443=OK
2026-06-07T05:00:12Z,zavod=401,survey=200,brand=200,smm=200,ssh22=OK,tcp443=OK
2026-06-07T08:28:31Z,zavod=401,survey=200,brand=200,smm=200,ssh22=FAIL,tcp443=FAIL
2026-06-07T10:53:59Z,zavod=401,survey=200,brand=200,smm=200,ssh22=OK,tcp443=OK
2026-06-07T12:22:33Z,zavod=401,survey=200,brand=200,smm=200,ssh22=OK,tcp443=OK
2026-06-07T14:28:02Z,zavod=401,survey=200,brand=200,smm=200,ssh22=OK,tcp443=OK
2026-06-07T15:53:40Z,zavod=401,survey=200,brand=200,smm=200,ssh22=OK,tcp443=OK
2026-06-07T17:22:09Z,zavod=401,survey=200,brand=200,smm=200,ssh22=OK,tcp443=OK
2026-06-07T18:47:38Z,zavod=401,survey=200,brand=200,smm=200,ssh22=OK,tcp443=OK
2026-06-07T20:04:12Z,zavod=401,survey=200,brand=200,smm=200,ssh22=OK,tcp443=OK
2026-06-07T21:34:38Z,zavod=401,survey=200,brand=200,smm=200,ssh22=OK,tcp443=OK
2026-06-07T22:44:19Z,zavod=401,survey=200,brand=200,smm=200,ssh22=OK,tcp443=OK
2026-06-07T23:52:05Z,zavod=401,survey=200,brand=200,smm=200,ssh22=FAIL,tcp443=FAIL
2026-06-08T03:56:56Z,zavod=401,survey=200,brand=200,smm=200,ssh22=OK,tcp443=OK
2026-06-08T09:00:13Z,zavod=401,survey=200,brand=200,smm=200,ssh22=OK,tcp443=OK
2026-06-08T13:15:00Z,zavod=401,survey=200,brand=200,smm=200,ssh22=OK,tcp443=OK
2026-06-08T16:54:17Z,zavod=401,survey=200,brand=200,smm=200,ssh22=OK,tcp443=OK
2026-06-08T19:23:50Z,zavod=401,survey=200,brand=200,smm=200,ssh22=OK,tcp443=OK
2026-06-08T21:22:28Z,zavod=401,survey=200,brand=200,smm=200,ssh22=FAIL,tcp443=FAIL
2026-06-08T22:56:17Z,zavod=401,survey=200,brand=200,smm=200,ssh22=OK,tcp443=OK
2026-06-09T00:11:46Z,zavod=401,survey=200,brand=200,smm=200,ssh22=OK,tcp443=OK
2026-06-09T04:38:34Z,zavod=401,survey=200,brand=200,smm=200,ssh22=OK,tcp443=OK
2026-06-09T08:23:06Z,zavod=401,survey=200,brand=200,smm=200,ssh22=OK,tcp443=OK
2026-06-09T11:39:37Z,zavod=401,survey=200,brand=200,smm=200,ssh22=OK,tcp443=OK
2026-06-09T14:06:37Z,zavod=401,survey=200,brand=200,smm=200,ssh22=OK,tcp443=OK
2026-06-09T16:46:53Z,zavod=401,survey=200,brand=200,smm=200,ssh22=OK,tcp443=OK
2026-06-09T19:04:43Z,zavod=401,survey=200,brand=200,smm=200,ssh22=OK,tcp443=OK
2026-06-09T21:07:27Z,zavod=401,survey=200,brand=200,smm=200,ssh22=OK,tcp443=OK
2026-06-09T22:49:49Z,zavod=401,survey=200,brand=200,smm=200,ssh22=OK,tcp443=OK
2026-06-10T00:05:43Z,zavod=401,survey=200,brand=200,smm=200,ssh22=OK,tcp443=OK
2026-06-10T04:46:26Z,zavod=401,survey=200,brand=200,smm=200,ssh22=OK,tcp443=OK
2026-06-10T08:40:17Z,zavod=401,survey=200,brand=200,smm=200,ssh22=OK,tcp443=OK
2026-06-10T12:02:35Z,zavod=401,survey=200,brand=200,smm=200,ssh22=OK,tcp443=OK
2026-06-10T16:04:14Z,zavod=401,survey=200,brand=200,smm=200,ssh22=OK,tcp443=OK
2026-06-10T18:40:20Z,zavod=401,survey=200,brand=200,smm=200,ssh22=FAIL,tcp443=FAIL
2026-06-10T21:16:52Z,zavod=401,survey=200,brand=200,smm=200,ssh22=OK,tcp443=OK
2026-06-10T23:00:28Z,zavod=401,survey=200,brand=200,smm=200,ssh22=FAIL,tcp443=FAIL
2026-06-11T01:35:00Z,zavod=401,survey=200,brand=200,smm=200,ssh22=OK,tcp443=OK
2026-06-11T06:24:35Z,zavod=401,survey=200,brand=200,smm=200,ssh22=FAIL,tcp443=FAIL
2026-06-11T11:11:32Z,zavod=401,survey=200,brand=200,smm=200,ssh22=OK,tcp443=OK
2026-06-11T14:57:34Z,zavod=401,survey=200,brand=200,smm=200,ssh22=OK,tcp443=OK
2026-06-11T18:24:58Z,zavod=401,survey=200,brand=200,smm=200,ssh22=OK,tcp443=OK
2026-06-11T21:02:31Z,zavod=401,survey=200,brand=200,smm=200,ssh22=OK,tcp443=OK
2026-06-11T22:55:55Z,zavod=401,survey=200,brand=200,smm=200,ssh22=OK,tcp443=OK
2026-06-12T00:22:27Z,zavod=401,survey=200,brand=200,smm=200,ssh22=OK,tcp443=OK
2026-06-12T05:13:44Z,zavod=401,survey=200,brand=200,smm=200,ssh22=FAIL,tcp443=FAIL
2026-06-12T09:15:54Z,zavod=401,survey=200,brand=200,smm=200,ssh22=OK,tcp443=OK
2026-06-12T12:38:47Z,zavod=401,survey=200,brand=200,smm=200,ssh22=OK,tcp443=OK
2026-06-12T15:56:49Z,zavod=401,survey=200,brand=200,smm=200,ssh22=OK,tcp443=OK
2026-06-12T18:15:03Z,zavod=401,survey=200,brand=200,smm=200,ssh22=OK,tcp443=OK
2026-06-12T20:30:21Z,zavod=401,survey=200,brand=200,smm=200,ssh22=OK,tcp443=OK
2026-06-12T22:11:57Z,zavod=401,survey=200,brand=200,smm=200,ssh22=OK,tcp443=OK
2026-06-12T23:54:44Z,zavod=401,survey=200,brand=200,smm=200,ssh22=OK,tcp443=OK
2026-06-13T04:20:49Z,zavod=401,survey=200,brand=200,smm=200,ssh22=OK,tcp443=OK
2026-06-13T08:00:43Z,zavod=401,survey=200,brand=200,smm=200,ssh22=OK,tcp443=OK
2026-06-13T10:36:46Z,zavod=401,survey=200,brand=200,smm=200,ssh22=OK,tcp443=OK
2026-06-13T12:15:04Z,zavod=401,survey=200,brand=200,smm=200,ssh22=OK,tcp443=OK
2026-06-13T14:32:43Z,zavod=401,survey=200,brand=200,smm=200,ssh22=OK,tcp443=OK
2026-06-13T16:02:37Z,zavod=401,survey=200,brand=200,smm=200,ssh22=OK,tcp443=OK
2026-06-13T17:42:40Z,zavod=401,survey=200,brand=200,smm=200,ssh22=OK,tcp443=OK
2026-06-13T18:59:46Z,zavod=401,survey=200,brand=200,smm=200,ssh22=OK,tcp443=OK
2026-06-13T20:24:16Z,zavod=401,survey=200,brand=200,smm=200,ssh22=OK,tcp443=OK
2026-06-13T21:46:59Z,zavod=401,survey=200,brand=200,smm=200,ssh22=OK,tcp443=OK
2026-06-13T22:50:43Z,zavod=401,survey=200,brand=200,smm=200,ssh22=OK,tcp443=OK
2026-06-14T00:02:12Z,zavod=401,survey=200,brand=200,smm=200,ssh22=FAIL,tcp443=FAIL
2026-06-14T05:03:03Z,zavod=401,survey=200,brand=200,smm=200,ssh22=OK,tcp443=OK
2026-06-14T08:47:37Z,zavod=401,survey=200,brand=200,smm=200,ssh22=OK,tcp443=OK
2026-06-14T11:20:54Z,zavod=401,survey=200,brand=200,smm=200,ssh22=OK,tcp443=OK
2026-06-14T13:12:18Z,zavod=401,survey=200,brand=200,smm=200,ssh22=OK,tcp443=OK
2026-06-14T15:20:01Z,zavod=401,survey=200,brand=200,smm=200,ssh22=OK,tcp443=OK
2026-06-14T16:53:19Z,zavod=401,survey=200,brand=200,smm=200,ssh22=OK,tcp443=OK
2026-06-14T18:14:35Z,zavod=401,survey=200,brand=200,smm=200,ssh22=OK,tcp443=OK
2026-06-14T20:01:14Z,zavod=401,survey=200,brand=200,smm=200,ssh22=OK,tcp443=OK
2026-06-14T21:35:49Z,zavod=401,survey=200,brand=200,smm=200,ssh22=OK,tcp443=OK
2026-06-14T22:49:54Z,zavod=401,survey=200,brand=200,smm=200,ssh22=OK,tcp443=OK
2026-06-15T00:03:43Z,zavod=401,survey=200,brand=200,smm=200,ssh22=OK,tcp443=OK
2026-06-15T05:24:57Z,zavod=401,survey=200,brand=200,smm=200,ssh22=OK,tcp443=OK
2026-06-15T11:30:48Z,zavod=401,survey=200,brand=200,smm=200,ssh22=OK,tcp443=OK
2026-06-15T16:29:58Z,zavod=401,survey=200,brand=200,smm=200,ssh22=FAIL,tcp443=FAIL
2026-06-15T20:05:15Z,zavod=401,survey=200,brand=200,smm=200,ssh22=OK,tcp443=OK
2026-06-15T22:27:54Z,zavod=401,survey=200,brand=200,smm=200,ssh22=OK,tcp443=OK
2026-06-16T00:14:27Z,zavod=401,survey=200,brand=200,smm=200,ssh22=OK,tcp443=OK
2026-06-16T05:39:07Z,zavod=401,survey=200,brand=200,smm=200,ssh22=OK,tcp443=OK
2026-06-16T10:32:10Z,zavod=401,survey=200,brand=200,smm=200,ssh22=FAIL,tcp443=FAIL
2026-06-16T15:32:14Z,zavod=401,survey=200,brand=200,smm=200,ssh22=OK,tcp443=OK
2026-06-16T19:05:52Z,zavod=401,survey=200,brand=200,smm=200,ssh22=OK,tcp443=OK
2026-06-16T21:47:23Z,zavod=401,survey=200,brand=200,smm=200,ssh22=FAIL,tcp443=FAIL
2026-06-16T23:14:50Z,zavod=401,survey=200,brand=200,smm=200,ssh22=OK,tcp443=OK
2026-06-17T01:44:33Z,zavod=401,survey=200,brand=200,smm=200,ssh22=OK,tcp443=OK
2026-06-17T06:54:21Z,zavod=401,survey=200,brand=200,smm=200,ssh22=OK,tcp443=OK
2026-06-17T11:53:53Z,zavod=401,survey=200,brand=200,smm=200,ssh22=OK,tcp443=OK
2026-06-17T15:42:45Z,zavod=401,survey=200,brand=200,smm=200,ssh22=OK,tcp443=OK
2026-06-17T18:05:32Z,zavod=401,survey=200,brand=200,smm=200,ssh22=OK,tcp443=OK
2026-06-17T20:29:12Z,zavod=401,survey=200,brand=200,smm=200,ssh22=OK,tcp443=OK
2026-06-17T22:23:28Z,zavod=401,survey=200,brand=200,smm=200,ssh22=OK,tcp443=OK
2026-06-17T23:57:16Z,zavod=401,survey=200,brand=200,smm=200,ssh22=OK,tcp443=OK
2026-06-18T04:54:12Z,zavod=401,survey=200,brand=200,smm=200,ssh22=OK,tcp443=OK
2026-06-18T09:19:20Z,zavod=401,survey=200,brand=200,smm=200,ssh22=OK,tcp443=OK
2026-06-18T12:34:53Z,zavod=401,survey=200,brand=200,smm=200,ssh22=OK,tcp443=OK
2026-06-18T16:06:19Z,zavod=401,survey=200,brand=200,smm=200,ssh22=OK,tcp443=OK
2026-06-18T18:35:29Z,zavod=401,survey=200,brand=200,smm=200,ssh22=OK,tcp443=OK
2026-06-18T21:11:38Z,zavod=401,survey=200,brand=200,smm=200,ssh22=OK,tcp443=OK
2026-06-18T23:11:45Z,zavod=401,survey=200,brand=200,smm=200,ssh22=OK,tcp443=OK
2026-06-19T02:07:44Z,zavod=401,survey=200,brand=200,smm=200,ssh22=OK,tcp443=OK
2026-06-19T07:28:22Z,zavod=401,survey=200,brand=200,smm=200,ssh22=OK,tcp443=OK
2026-06-19T11:50:04Z,zavod=401,survey=200,brand=200,smm=200,ssh22=OK,tcp443=OK
2026-06-19T14:49:26Z,zavod=401,survey=200,brand=200,smm=200,ssh22=OK,tcp443=OK
2026-06-19T17:11:41Z,zavod=401,survey=200,brand=200,smm=200,ssh22=OK,tcp443=OK
2026-06-19T19:11:24Z,zavod=401,survey=200,brand=200,smm=200,ssh22=OK,tcp443=OK
2026-06-19T20:48:15Z,zavod=401,survey=200,brand=200,smm=200,ssh22=OK,tcp443=OK
2026-06-19T21:56:45Z,zavod=401,survey=200,brand=200,smm=200,ssh22=OK,tcp443=OK
2026-06-19T23:08:25Z,zavod=401,survey=200,brand=200,smm=200,ssh22=OK,tcp443=OK
2026-06-20T01:28:37Z,zavod=401,survey=200,brand=200,smm=200,ssh22=OK,tcp443=OK
2026-06-20T05:59:30Z,zavod=401,survey=200,brand=200,smm=200,ssh22=OK,tcp443=OK
2026-06-20T09:33:31Z,zavod=401,survey=200,brand=200,smm=200,ssh22=OK,tcp443=OK
2026-06-20T11:32:58Z,zavod=401,survey=200,brand=200,smm=200,ssh22=OK,tcp443=OK
2026-06-20T13:11:07Z,zavod=401,survey=200,brand=200,smm=200,ssh22=OK,tcp443=OK
2026-06-20T15:16:12Z,zavod=401,survey=200,brand=200,smm=200,ssh22=OK,tcp443=OK
2026-06-20T16:56:02Z,zavod=401,survey=200,brand=200,smm=200,ssh22=OK,tcp443=OK
2026-06-20T18:20:18Z,zavod=401,survey=200,brand=200,smm=200,ssh22=OK,tcp443=OK
2026-06-20T20:02:51Z,zavod=401,survey=200,brand=200,smm=200,ssh22=OK,tcp443=OK
2026-06-20T21:38:08Z,zavod=401,survey=200,brand=200,smm=200,ssh22=OK,tcp443=OK
2026-06-20T22:49:15Z,zavod=401,survey=200,brand=200,smm=200,ssh22=OK,tcp443=OK
2026-06-20T23:59:39Z,zavod=401,survey=200,brand=200,smm=200,ssh22=OK,tcp443=OK
2026-06-21T05:13:29Z,zavod=401,survey=200,brand=200,smm=200,ssh22=OK,tcp443=OK
2026-06-21T09:04:04Z,zavod=401,survey=200,brand=200,smm=200,ssh22=OK,tcp443=OK
2026-06-21T11:52:18Z,zavod=401,survey=200,brand=200,smm=200,ssh22=OK,tcp443=OK
2026-06-21T14:10:11Z,zavod=401,survey=200,brand=200,smm=200,ssh22=OK,tcp443=OK
2026-06-21T16:12:25Z,zavod=401,survey=200,brand=200,smm=200,ssh22=OK,tcp443=OK
2026-06-21T17:56:13Z,zavod=401,survey=200,brand=200,smm=200,ssh22=OK,tcp443=OK
2026-06-21T19:56:09Z,zavod=401,survey=200,brand=200,smm=200,ssh22=OK,tcp443=OK
2026-06-21T21:23:24Z,zavod=401,survey=200,brand=200,smm=200,ssh22=OK,tcp443=OK
2026-06-21T22:43:49Z,zavod=401,survey=200,brand=200,smm=200,ssh22=OK,tcp443=OK
2026-06-21T23:58:57Z,zavod=401,survey=200,brand=200,smm=200,ssh22=OK,tcp443=OK
2026-06-22T05:24:16Z,zavod=401,survey=200,brand=200,smm=200,ssh22=OK,tcp443=OK
2026-06-22T11:15:08Z,zavod=401,survey=200,brand=200,smm=200,ssh22=OK,tcp443=OK
2026-06-22T16:03:56Z,zavod=401,survey=200,brand=200,smm=200,ssh22=OK,tcp443=OK
2026-06-22T19:43:12Z,zavod=401,survey=200,brand=200,smm=200,ssh22=OK,tcp443=OK
2026-06-22T21:51:19Z,zavod=401,survey=200,brand=200,smm=200,ssh22=OK,tcp443=OK
2026-06-22T23:16:17Z,zavod=401,survey=200,brand=200,smm=200,ssh22=OK,tcp443=OK
2026-06-23T01:26:17Z,zavod=401,survey=200,brand=200,smm=200,ssh22=OK,tcp443=OK
2026-06-23T05:47:17Z,zavod=401,survey=200,brand=200,smm=200,ssh22=OK,tcp443=OK
2026-06-23T08:50:55Z,zavod=401,survey=200,brand=200,smm=200,ssh22=OK,tcp443=OK
2026-06-23T11:56:41Z,zavod=401,survey=200,brand=200,smm=200,ssh22=OK,tcp443=OK
2026-06-23T15:19:18Z,zavod=401,survey=200,brand=200,smm=200,ssh22=OK,tcp443=OK
2026-06-23T17:23:48Z,zavod=401,survey=200,brand=200,smm=200,ssh22=OK,tcp443=OK
2026-06-23T19:27:06Z,zavod=401,survey=200,brand=200,smm=200,ssh22=OK,tcp443=OK
2026-06-23T21:15:41Z,zavod=401,survey=200,brand=200,smm=200,ssh22=OK,tcp443=OK
2026-06-23T22:41:44Z,zavod=401,survey=200,brand=200,smm=200,ssh22=OK,tcp443=OK
2026-06-23T23:42:22Z,zavod=401,survey=200,brand=200,smm=200,ssh22=OK,tcp443=OK
2026-06-24T01:47:04Z,zavod=401,survey=200,brand=200,smm=200,ssh22=OK,tcp443=OK
2026-06-24T05:53:28Z,zavod=401,survey=200,brand=200,smm=200,ssh22=OK,tcp443=OK
2026-06-24T09:35:15Z,zavod=401,survey=200,brand=200,smm=200,ssh22=OK,tcp443=OK
2026-06-24T12:08:34Z,zavod=401,survey=200,brand=200,smm=200,ssh22=OK,tcp443=OK
2026-06-24T15:09:01Z,zavod=401,survey=200,brand=200,smm=200,ssh22=OK,tcp443=OK
2026-06-24T17:19:29Z,zavod=401,survey=200,brand=200,smm=200,ssh22=OK,tcp443=OK
2026-06-24T19:08:06Z,zavod=401,survey=200,brand=200,smm=200,ssh22=OK,tcp443=OK
2026-06-24T20:56:06Z,zavod=401,survey=200,brand=200,smm=200,ssh22=OK,tcp443=OK
2026-06-24T22:23:53Z,zavod=401,survey=200,brand=200,smm=200,ssh22=OK,tcp443=OK
2026-06-24T23:43:47Z,zavod=401,survey=200,brand=200,smm=200,ssh22=OK,tcp443=OK
2026-06-25T01:51:56Z,zavod=401,survey=200,brand=200,smm=200,ssh22=OK,tcp443=OK
2026-06-25T06:05:49Z,zavod=401,survey=200,brand=200,smm=200,ssh22=OK,tcp443=OK
2026-06-25T09:42:41Z,zavod=401,survey=200,brand=200,smm=200,ssh22=OK,tcp443=OK
2026-06-25T12:07:54Z,zavod=401,survey=200,brand=200,smm=200,ssh22=OK,tcp443=OK
2026-06-25T15:14:27Z,zavod=401,survey=200,brand=200,smm=200,ssh22=OK,tcp443=OK
2026-06-25T17:28:48Z,zavod=401,survey=200,brand=200,smm=200,ssh22=OK,tcp443=OK
2026-06-25T19:28:11Z,zavod=401,survey=200,brand=200,smm=200,ssh22=OK,tcp443=OK
2026-06-25T21:15:12Z,zavod=401,survey=200,brand=200,smm=200,ssh22=OK,tcp443=OK
2026-06-25T22:52:14Z,zavod=401,survey=200,brand=200,smm=200,ssh22=OK,tcp443=OK
2026-06-26T00:08:29Z,zavod=401,survey=200,brand=200,smm=200,ssh22=OK,tcp443=OK
2026-06-26T04:40:27Z,zavod=401,survey=200,brand=200,smm=200,ssh22=OK,tcp443=OK
2026-06-26T08:21:51Z,zavod=401,survey=200,brand=200,smm=200,ssh22=OK,tcp443=OK
2026-06-26T11:21:59Z,zavod=401,survey=200,brand=200,smm=200,ssh22=OK,tcp443=OK
2026-06-26T13:28:20Z,zavod=401,survey=200,brand=200,smm=200,ssh22=OK,tcp443=OK
2026-06-26T15:55:00Z,zavod=401,survey=200,brand=200,smm=200,ssh22=OK,tcp443=OK
2026-06-26T17:56:53Z,zavod=401,survey=200,brand=200,smm=200,ssh22=OK,tcp443=OK
2026-06-26T20:02:31Z,zavod=401,survey=200,brand=200,smm=200,ssh22=OK,tcp443=OK
2026-06-26T21:37:52Z,zavod=401,survey=200,brand=200,smm=200,ssh22=OK,tcp443=OK
2026-06-26T22:50:02Z,zavod=401,survey=200,brand=200,smm=200,ssh22=OK,tcp443=OK
2026-06-26T23:58:33Z,zavod=401,survey=200,brand=200,smm=200,ssh22=OK,tcp443=OK
2026-06-27T04:11:45Z,zavod=401,survey=200,brand=200,smm=200,ssh22=OK,tcp443=OK
2026-06-27T07:28:50Z,zavod=401,survey=200,brand=200,smm=200,ssh22=OK,tcp443=OK
2026-06-27T09:38:21Z,zavod=401,survey=200,brand=200,smm=200,ssh22=OK,tcp443=OK
2026-06-27T11:15:02Z,zavod=401,survey=200,brand=200,smm=200,ssh22=OK,tcp443=OK
2026-06-27T12:46:43Z,zavod=401,survey=200,brand=200,smm=200,ssh22=OK,tcp443=OK
2026-06-27T14:19:22Z,zavod=401,survey=200,brand=200,smm=200,ssh22=OK,tcp443=OK
2026-06-27T15:46:31Z,zavod=401,survey=200,brand=200,smm=200,ssh22=OK,tcp443=OK
2026-06-27T16:51:10Z,zavod=401,survey=200,brand=200,smm=200,ssh22=OK,tcp443=OK
2026-06-27T17:58:55Z,zavod=401,survey=200,brand=200,smm=200,ssh22=OK,tcp443=OK
2026-06-27T19:41:30Z,zavod=401,survey=200,brand=200,smm=200,ssh22=OK,tcp443=OK
2026-06-27T20:44:19Z,zavod=401,survey=200,brand=200,smm=200,ssh22=OK,tcp443=OK
2026-06-27T21:47:06Z,zavod=401,survey=200,brand=200,smm=200,ssh22=OK,tcp443=OK
2026-06-27T22:47:09Z,zavod=401,survey=200,brand=200,smm=200,ssh22=OK,tcp443=OK
2026-06-27T23:47:36Z,zavod=401,survey=200,brand=200,smm=200,ssh22=OK,tcp443=OK
2026-06-28T02:01:02Z,zavod=401,survey=200,brand=200,smm=200,ssh22=OK,tcp443=OK
2026-06-28T06:35:44Z,zavod=401,survey=200,brand=200,smm=200,ssh22=OK,tcp443=OK
2026-06-28T09:46:50Z,zavod=401,survey=200,brand=200,smm=200,ssh22=OK,tcp443=OK
2026-06-28T11:28:07Z,zavod=401,survey=200,brand=200,smm=200,ssh22=OK,tcp443=OK
2026-06-28T13:02:30Z,zavod=401,survey=200,brand=200,smm=200,ssh22=OK,tcp443=OK
2026-06-28T14:55:23Z,zavod=401,survey=200,brand=200,smm=200,ssh22=OK,tcp443=OK
2026-06-28T16:19:54Z,zavod=401,survey=200,brand=200,smm=200,ssh22=OK,tcp443=OK
2026-06-28T17:42:27Z,zavod=401,survey=200,brand=200,smm=200,ssh22=OK,tcp443=OK
2026-06-28T18:54:10Z,zavod=401,survey=200,brand=200,smm=200,ssh22=OK,tcp443=OK
2026-06-28T20:16:19Z,zavod=401,survey=200,brand=200,smm=200,ssh22=OK,tcp443=OK
2026-06-28T21:32:46Z,zavod=401,survey=200,brand=200,smm=200,ssh22=OK,tcp443=OK
2026-06-28T22:40:50Z,zavod=401,survey=200,brand=200,smm=200,ssh22=OK,tcp443=OK
2026-06-28T23:49:21Z,zavod=401,survey=200,brand=200,smm=200,ssh22=OK,tcp443=OK
2026-06-29T02:39:51Z,zavod=401,survey=200,brand=200,smm=200,ssh22=OK,tcp443=OK
2026-06-29T07:15:20Z,zavod=401,survey=200,brand=200,smm=200,ssh22=OK,tcp443=OK
2026-06-29T12:12:03Z,zavod=401,survey=200,brand=200,smm=200,ssh22=OK,tcp443=OK
2026-06-29T16:12:47Z,zavod=401,survey=200,brand=200,smm=200,ssh22=OK,tcp443=OK
2026-06-29T18:26:11Z,zavod=401,survey=200,brand=200,smm=200,ssh22=OK,tcp443=OK
2026-06-29T20:27:29Z,zavod=401,survey=200,brand=200,smm=200,ssh22=OK,tcp443=OK
2026-06-29T21:55:01Z,zavod=401,survey=200,brand=200,smm=200,ssh22=OK,tcp443=OK
2026-06-29T23:04:23Z,zavod=401,survey=200,brand=200,smm=200,ssh22=OK,tcp443=OK
2026-06-30T00:17:28Z,zavod=401,survey=200,brand=200,smm=200,ssh22=OK,tcp443=OK
2026-06-30T04:39:34Z,zavod=401,survey=200,brand=200,smm=200,ssh22=OK,tcp443=OK
2026-06-30T08:21:39Z,zavod=401,survey=200,brand=200,smm=200,ssh22=OK,tcp443=OK
2026-06-30T11:26:18Z,zavod=401,survey=200,brand=200,smm=200,ssh22=OK,tcp443=OK
2026-06-30T13:24:39Z,zavod=401,survey=200,brand=200,smm=200,ssh22=OK,tcp443=OK
2026-06-30T16:08:01Z,zavod=401,survey=200,brand=200,smm=200,ssh22=OK,tcp443=OK
2026-06-30T18:14:51Z,zavod=401,survey=200,brand=200,smm=200,ssh22=FAIL,tcp443=OK
2026-06-30T20:23:48Z,zavod=401,survey=200,brand=200,smm=200,ssh22=OK,tcp443=OK
2026-06-30T21:56:43Z,zavod=401,survey=200,brand=200,smm=200,ssh22=OK,tcp443=OK
2026-06-30T23:21:25Z,zavod=401,survey=200,brand=200,smm=200,ssh22=OK,tcp443=OK
2026-07-01T01:38:51Z,zavod=401,survey=200,brand=200,smm=200,ssh22=OK,tcp443=OK
2026-07-01T06:11:26Z,zavod=401,survey=200,brand=200,smm=200,ssh22=OK,tcp443=OK
2026-07-01T10:16:44Z,zavod=401,survey=200,brand=200,smm=200,ssh22=OK,tcp443=OK
2026-07-01T13:14:23Z,zavod=401,survey=200,brand=200,smm=200,ssh22=OK,tcp443=OK
2026-07-01T15:58:22Z,zavod=401,survey=200,brand=200,smm=200,ssh22=OK,tcp443=OK
2026-07-01T18:06:50Z,zavod=401,survey=200,brand=200,smm=200,ssh22=OK,tcp443=OK
2026-07-01T20:13:59Z,zavod=401,survey=200,brand=200,smm=200,ssh22=OK,tcp443=OK
2026-07-01T21:52:48Z,zavod=401,survey=200,brand=200,smm=200,ssh22=OK,tcp443=OK
2026-07-01T23:16:38Z,zavod=401,survey=200,brand=200,smm=200,ssh22=OK,tcp443=OK
2026-07-02T01:28:04Z,zavod=401,survey=200,brand=200,smm=200,ssh22=OK,tcp443=OK
2026-07-02T05:38:04Z,zavod=401,survey=200,brand=200,smm=200,ssh22=OK,tcp443=OK
2026-07-02T08:33:33Z,zavod=401,survey=200,brand=200,smm=200,ssh22=OK,tcp443=OK
2026-07-02T11:16:51Z,zavod=401,survey=200,brand=200,smm=200,ssh22=OK,tcp443=OK
2026-07-02T13:12:42Z,zavod=401,survey=200,brand=200,smm=200,ssh22=OK,tcp443=OK
2026-07-02T15:34:55Z,zavod=401,survey=200,brand=200,smm=200,ssh22=OK,tcp443=OK
2026-07-02T17:17:31Z,zavod=401,survey=200,brand=200,smm=200,ssh22=OK,tcp443=OK
2026-07-02T18:52:51Z,zavod=401,survey=200,brand=200,smm=200,ssh22=OK,tcp443=OK
2026-07-02T20:18:33Z,zavod=401,survey=200,brand=200,smm=200,ssh22=OK,tcp443=OK
2026-07-02T21:40:05Z,zavod=401,survey=200,brand=200,smm=200,ssh22=OK,tcp443=OK
2026-07-02T22:47:44Z,zavod=401,survey=200,brand=200,smm=200,ssh22=OK,tcp443=OK
2026-07-02T23:52:39Z,zavod=401,survey=200,brand=200,smm=200,ssh22=OK,tcp443=OK
2026-07-03T03:18:52Z,zavod=401,survey=200,brand=200,smm=200,ssh22=OK,tcp443=OK
2026-07-03T06:45:11Z,zavod=401,survey=200,brand=200,smm=200,ssh22=OK,tcp443=OK
2026-07-03T09:46:44Z,zavod=401,survey=200,brand=200,smm=200,ssh22=OK,tcp443=OK
2026-07-03T11:56:49Z,zavod=401,survey=200,brand=200,smm=200,ssh22=OK,tcp443=OK
2026-07-03T14:27:29Z,zavod=401,survey=200,brand=200,smm=200,ssh22=OK,tcp443=OK
2026-07-03T16:08:16Z,zavod=401,survey=200,brand=200,smm=200,ssh22=OK,tcp443=OK
2026-07-03T17:48:07Z,zavod=401,survey=200,brand=200,smm=200,ssh22=FAIL,tcp443=FAIL
2026-07-03T18:58:03Z,zavod=401,survey=200,brand=200,smm=200,ssh22=FAIL,tcp443=FAIL
2026-07-03T20:19:51Z,zavod=401,survey=200,brand=200,smm=200,ssh22=OK,tcp443=OK
2026-07-03T21:38:26Z,zavod=401,survey=200,brand=200,smm=200,ssh22=OK,tcp443=OK
2026-07-03T22:42:41Z,zavod=401,survey=200,brand=200,smm=200,ssh22=OK,tcp443=OK
2026-07-03T23:47:14Z,zavod=401,survey=200,brand=200,smm=200,ssh22=OK,tcp443=OK
2026-07-04T01:22:41Z,zavod=401,survey=200,brand=200,smm=200,ssh22=OK,tcp443=OK
2026-07-04T05:09:25Z,zavod=401,survey=200,brand=200,smm=200,ssh22=OK,tcp443=OK
2026-07-04T08:05:34Z,zavod=401,survey=200,brand=200,smm=200,ssh22=OK,tcp443=OK
2026-07-04T10:24:28Z,zavod=401,survey=200,brand=200,smm=200,ssh22=OK,tcp443=OK
2026-07-04T11:52:22Z,zavod=401,survey=200,brand=200,smm=200,ssh22=OK,tcp443=OK
2026-07-04T13:25:08Z,zavod=401,survey=200,brand=200,smm=200,ssh22=OK,tcp443=OK
2026-07-04T14:50:11Z,zavod=401,survey=200,brand=200,smm=200,ssh22=OK,tcp443=OK
2026-07-04T15:56:42Z,zavod=401,survey=200,brand=200,smm=200,ssh22=OK,tcp443=OK
2026-07-04T17:15:44Z,zavod=401,survey=200,brand=200,smm=200,ssh22=OK,tcp443=OK
2026-07-04T18:16:18Z,zavod=401,survey=200,brand=200,smm=200,ssh22=OK,tcp443=OK
2026-07-04T19:41:41Z,zavod=401,survey=200,brand=200,smm=200,ssh22=OK,tcp443=OK
2026-07-04T20:36:55Z,zavod=401,survey=200,brand=200,smm=200,ssh22=OK,tcp443=OK
2026-07-04T21:40:36Z,zavod=401,survey=200,brand=200,smm=200,ssh22=OK,tcp443=OK
2026-07-04T22:41:19Z,zavod=401,survey=200,brand=200,smm=200,ssh22=OK,tcp443=OK
2026-07-04T23:45:30Z,zavod=401,survey=200,brand=200,smm=200,ssh22=OK,tcp443=OK
2026-07-05T01:27:49Z,zavod=401,survey=200,brand=200,smm=200,ssh22=OK,tcp443=OK
2026-07-05T05:45:42Z,zavod=401,survey=200,brand=200,smm=200,ssh22=OK,tcp443=OK
2026-07-05T08:33:01Z,zavod=401,survey=200,brand=200,smm=200,ssh22=OK,tcp443=OK
2026-07-05T10:49:55Z,zavod=401,survey=200,brand=200,smm=200,ssh22=FAIL,tcp443=FAIL
2026-07-05T12:10:30Z,zavod=401,survey=200,brand=200,smm=200,ssh22=OK,tcp443=OK
2026-07-05T14:11:07Z,zavod=401,survey=200,brand=200,smm=200,ssh22=OK,tcp443=OK
2026-07-05T15:39:17Z,zavod=401,survey=200,brand=200,smm=200,ssh22=OK,tcp443=OK
2026-07-05T16:45:28Z,zavod=401,survey=200,brand=200,smm=200,ssh22=OK,tcp443=OK
2026-07-05T17:51:48Z,zavod=401,survey=200,brand=200,smm=200,ssh22=FAIL,tcp443=OK
2026-07-05T19:14:31Z,zavod=401,survey=200,brand=200,smm=200,ssh22=OK,tcp443=OK
2026-07-05T20:32:20Z,zavod=401,survey=200,brand=200,smm=200,ssh22=OK,tcp443=OK
2026-07-05T21:38:12Z,zavod=401,survey=200,brand=200,smm=200,ssh22=OK,tcp443=OK
2026-07-05T22:40:24Z,zavod=401,survey=200,brand=200,smm=200,ssh22=OK,tcp443=OK
2026-07-05T23:46:29Z,zavod=401,survey=200,brand=200,smm=200,ssh22=OK,tcp443=OK
2026-07-06T01:29:01Z,zavod=401,survey=200,brand=200,smm=200,ssh22=OK,tcp443=OK
2026-07-06T06:07:50Z,zavod=401,survey=200,brand=200,smm=200,ssh22=OK,tcp443=OK
2026-07-06T11:03:04Z,zavod=401,survey=200,brand=200,smm=200,ssh22=OK,tcp443=OK
2026-07-06T14:34:59Z,zavod=401,survey=200,brand=200,smm=200,ssh22=OK,tcp443=OK
2026-07-06T17:26:32Z,zavod=401,survey=200,brand=200,smm=200,ssh22=OK,tcp443=OK
2026-07-06T19:18:52Z,zavod=401,survey=200,brand=200,smm=200,ssh22=OK,tcp443=OK
2026-07-06T21:07:27Z,zavod=401,survey=200,brand=200,smm=200,ssh22=OK,tcp443=OK
2026-07-06T22:37:23Z,zavod=401,survey=200,brand=200,smm=200,ssh22=OK,tcp443=OK
2026-07-06T23:45:14Z,zavod=401,survey=200,brand=200,smm=200,ssh22=OK,tcp443=OK
2026-07-07T01:28:46Z,zavod=401,survey=200,brand=200,smm=200,ssh22=OK,tcp443=OK
2026-07-07T05:48:15Z,zavod=401,survey=200,brand=200,smm=200,ssh22=OK,tcp443=OK
2026-07-07T09:20:15Z,zavod=401,survey=200,brand=200,smm=200,ssh22=OK,tcp443=OK
2026-07-07T12:13:59Z,zavod=401,survey=200,brand=200,smm=200,ssh22=OK,tcp443=OK
2026-07-07T15:19:29Z,zavod=401,survey=200,brand=200,smm=200,ssh22=OK,tcp443=OK
2026-07-07T17:30:32Z,zavod=401,survey=200,brand=200,smm=200,ssh22=OK,tcp443=OK
2026-07-07T19:23:34Z,zavod=401,survey=200,brand=200,smm=200,ssh22=OK,tcp443=OK
2026-07-07T21:06:30Z,zavod=401,survey=200,brand=200,smm=200,ssh22=OK,tcp443=OK
2026-07-07T22:30:25Z,zavod=401,survey=200,brand=200,smm=200,ssh22=OK,tcp443=OK
2026-07-07T23:32:16Z,zavod=401,survey=200,brand=200,smm=200,ssh22=OK,tcp443=OK
2026-07-08T01:07:19Z,zavod=401,survey=200,brand=200,smm=200,ssh22=OK,tcp443=OK
2026-07-08T04:31:30Z,zavod=401,survey=200,brand=200,smm=200,ssh22=OK,tcp443=OK
