2026-06-23T19:50:52Z,zavod=401,survey=200,brand=405,smm=200,ssh22=OK,tcp443=OK
2026-06-23T19:55:36Z,zavod=401,survey=200,brand=405,smm=200,ssh22=OK,tcp443=OK
2026-06-23T20:00:54Z,zavod=401,survey=200,brand=405,smm=200,ssh22=OK,tcp443=OK
2026-06-23T20:05:32Z,zavod=401,survey=TIMEOUT,brand=405,smm=200,ssh22=OK,tcp443=OK
2026-06-23T20:10:50Z,zavod=401,survey=200,brand=405,smm=200,ssh22=OK,tcp443=OK
2026-06-23T20:15:26Z,zavod=401,survey=TIMEOUT,brand=405,smm=200,ssh22=OK,tcp443=OK
2026-06-23T20:20:44Z,zavod=401,survey=200,brand=405,smm=200,ssh22=OK,tcp443=OK
2026-06-23T20:25:47Z,zavod=401,survey=TIMEOUT,brand=405,smm=200,ssh22=OK,tcp443=OK
2026-06-23T20:30:57Z,zavod=401,survey=200,brand=405,smm=200,ssh22=OK,tcp443=OK
2026-06-23T20:35:33Z,zavod=401,survey=200,brand=TIMEOUT,smm=200,ssh22=OK,tcp443=OK
2026-06-23T20:40:40Z,zavod=401,survey=200,brand=405,smm=200,ssh22=OK,tcp443=OK
2026-06-23T20:45:46Z,zavod=401,survey=200,brand=405,smm=200,ssh22=OK,tcp443=OK
2026-06-23T20:50:51Z,zavod=401,survey=200,brand=405,smm=200,ssh22=OK,tcp443=OK
2026-06-23T20:55:24Z,zavod=401,survey=200,brand=405,smm=200,ssh22=OK,tcp443=OK
2026-06-23T21:00:42Z,zavod=401,survey=TIMEOUT,brand=TIMEOUT,smm=200,ssh22=OK,tcp443=OK
2026-06-23T21:05:45Z,zavod=401,survey=200,brand=405,smm=200,ssh22=OK,tcp443=OK
2026-06-23T21:10:51Z,zavod=401,survey=TIMEOUT,brand=TIMEOUT,smm=200,ssh22=OK,tcp443=OK
2026-06-23T21:15:28Z,zavod=401,survey=200,brand=405,smm=200,ssh22=OK,tcp443=OK
2026-06-23T21:20:36Z,zavod=401,survey=200,brand=405,smm=200,ssh22=OK,tcp443=OK
2026-06-23T21:25:39Z,zavod=401,survey=200,brand=405,smm=200,ssh22=OK,tcp443=OK
2026-06-23T21:30:49Z,zavod=401,survey=TIMEOUT,brand=405,smm=200,ssh22=OK,tcp443=OK
2026-06-23T21:35:24Z,zavod=401,survey=200,brand=405,smm=200,ssh22=OK,tcp443=OK
2026-06-23T21:40:29Z,zavod=401,survey=200,brand=405,smm=200,ssh22=OK,tcp443=OK
2026-06-23T21:45:36Z,zavod=401,survey=200,brand=405,smm=200,ssh22=OK,tcp443=OK
2026-06-23T21:50:42Z,zavod=401,survey=200,brand=405,smm=200,ssh22=OK,tcp443=OK
2026-06-23T21:55:44Z,zavod=401,survey=200,brand=405,smm=200,ssh22=OK,tcp443=OK
2026-06-23T22:01:00Z,zavod=401,survey=200,brand=405,smm=200,ssh22=OK,tcp443=OK
2026-06-23T22:05:36Z,zavod=401,survey=200,brand=405,smm=200,ssh22=OK,tcp443=OK
2026-06-23T22:10:41Z,zavod=401,survey=TIMEOUT,brand=TIMEOUT,smm=200,ssh22=OK,tcp443=OK
2026-06-23T22:15:46Z,zavod=401,survey=TIMEOUT,brand=405,smm=200,ssh22=OK,tcp443=OK
2026-06-23T22:20:51Z,zavod=401,survey=200,brand=405,smm=200,ssh22=OK,tcp443=OK
2026-06-23T22:25:24Z,zavod=401,survey=200,brand=405,smm=200,ssh22=OK,tcp443=OK
2026-06-23T22:30:33Z,zavod=401,survey=200,brand=405,smm=200,ssh22=OK,tcp443=OK
2026-06-23T22:35:37Z,zavod=401,survey=200,brand=405,smm=200,ssh22=OK,tcp443=OK
2026-06-23T22:40:42Z,zavod=401,survey=TIMEOUT,brand=405,smm=200,ssh22=OK,tcp443=OK
2026-06-23T22:45:48Z,zavod=401,survey=TIMEOUT,brand=405,smm=200,ssh22=OK,tcp443=OK
2026-06-23T22:50:53Z,zavod=401,survey=200,brand=405,smm=200,ssh22=OK,tcp443=OK
2026-06-23T22:55:25Z,zavod=401,survey=TIMEOUT,brand=405,smm=200,ssh22=OK,tcp443=OK
2026-06-23T23:00:52Z,zavod=401,survey=200,brand=405,smm=200,ssh22=OK,tcp443=OK
2026-06-23T23:05:27Z,zavod=401,survey=200,brand=405,smm=200,ssh22=OK,tcp443=OK
2026-06-23T23:10:32Z,zavod=401,survey=TIMEOUT,brand=405,smm=200,ssh22=OK,tcp443=OK
2026-06-23T23:15:48Z,zavod=401,survey=200,brand=405,smm=200,ssh22=OK,tcp443=OK
2026-06-23T23:20:52Z,zavod=401,survey=200,brand=405,smm=200,ssh22=OK,tcp443=OK
2026-06-23T23:25:23Z,zavod=401,survey=200,brand=405,smm=200,ssh22=OK,tcp443=OK
2026-06-23T23:30:32Z,zavod=401,survey=200,brand=405,smm=200,ssh22=OK,tcp443=OK
2026-06-23T23:35:37Z,zavod=401,survey=200,brand=405,smm=200,ssh22=OK,tcp443=OK
2026-06-23T23:40:52Z,zavod=401,survey=TIMEOUT,brand=405,smm=200,ssh22=OK,tcp443=OK
2026-06-23T23:45:27Z,zavod=401,survey=200,brand=405,smm=200,ssh22=OK,tcp443=OK
2026-06-23T23:50:33Z,zavod=401,survey=200,brand=405,smm=200,ssh22=OK,tcp443=OK
2026-06-23T23:55:46Z,zavod=401,survey=200,brand=405,smm=200,ssh22=OK,tcp443=OK
2026-06-24T00:01:06Z,zavod=401,survey=TIMEOUT,brand=405,smm=200,ssh22=OK,tcp443=OK
2026-06-24T00:05:44Z,zavod=401,survey=200,brand=405,smm=200,ssh22=OK,tcp443=OK
2026-06-24T00:10:49Z,zavod=401,survey=200,brand=405,smm=200,ssh22=OK,tcp443=OK
2026-06-24T00:15:25Z,zavod=401,survey=200,brand=405,smm=200,ssh22=OK,tcp443=OK
2026-06-24T00:20:32Z,zavod=401,survey=200,brand=TIMEOUT,smm=200,ssh22=OK,tcp443=OK
2026-06-24T00:25:37Z,zavod=401,survey=200,brand=405,smm=200,ssh22=OK,tcp443=OK
2026-06-24T00:30:47Z,zavod=401,survey=200,brand=405,smm=200,ssh22=OK,tcp443=OK
2026-06-24T00:35:22Z,zavod=401,survey=TIMEOUT,brand=405,smm=200,ssh22=OK,tcp443=OK
2026-06-24T00:40:28Z,zavod=401,survey=200,brand=TIMEOUT,smm=200,ssh22=OK,tcp443=OK
2026-06-24T00:45:35Z,zavod=401,survey=200,brand=405,smm=200,ssh22=OK,tcp443=OK
2026-06-24T00:50:40Z,zavod=401,survey=200,brand=405,smm=200,ssh22=OK,tcp443=OK
2026-06-24T00:55:36Z,zavod=401,survey=200,brand=405,smm=200,ssh22=OK,tcp443=OK
2026-06-24T01:00:54Z,zavod=401,survey=200,brand=405,smm=200,ssh22=OK,tcp443=OK
2026-06-24T01:05:32Z,zavod=401,survey=200,brand=405,smm=200,ssh22=OK,tcp443=OK
2026-06-24T01:10:48Z,zavod=401,survey=TIMEOUT,brand=405,smm=200,ssh22=OK,tcp443=OK
2026-06-24T01:15:24Z,zavod=401,survey=200,brand=405,smm=200,ssh22=OK,tcp443=OK
2026-06-24T01:20:29Z,zavod=401,survey=TIMEOUT,brand=TIMEOUT,smm=200,ssh22=OK,tcp443=OK
2026-06-24T01:25:32Z,zavod=401,survey=TIMEOUT,brand=TIMEOUT,smm=200,ssh22=OK,tcp443=OK
2026-06-24T01:30:43Z,zavod=401,survey=200,brand=405,smm=200,ssh22=OK,tcp443=OK
2026-06-24T01:35:47Z,zavod=401,survey=200,brand=405,smm=200,ssh22=OK,tcp443=OK
2026-06-24T01:40:53Z,zavod=401,survey=200,brand=405,smm=200,ssh22=OK,tcp443=OK
2026-06-24T01:45:28Z,zavod=401,survey=TIMEOUT,brand=405,smm=200,ssh22=OK,tcp443=OK
2026-06-24T01:50:32Z,zavod=401,survey=200,brand=405,smm=200,ssh22=OK,tcp443=OK
2026-06-24T01:55:36Z,zavod=401,survey=200,brand=405,smm=200,ssh22=OK,tcp443=OK
2026-06-24T02:00:54Z,zavod=401,survey=200,brand=405,smm=200,ssh22=OK,tcp443=OK
2026-06-24T02:05:32Z,zavod=401,survey=200,brand=405,smm=200,ssh22=OK,tcp443=OK
2026-06-24T02:10:39Z,zavod=401,survey=TIMEOUT,brand=405,smm=200,ssh22=OK,tcp443=OK
2026-06-24T02:15:45Z,zavod=401,survey=TIMEOUT,brand=405,smm=200,ssh22=OK,tcp443=OK
2026-06-24T02:20:50Z,zavod=401,survey=200,brand=405,smm=200,ssh22=OK,tcp443=OK
2026-06-24T02:25:23Z,zavod=401,survey=200,brand=405,smm=200,ssh22=OK,tcp443=OK
2026-06-24T02:30:34Z,zavod=401,survey=200,brand=405,smm=200,ssh22=OK,tcp443=OK
2026-06-24T02:35:39Z,zavod=401,survey=TIMEOUT,brand=TIMEOUT,smm=200,ssh22=OK,tcp443=OK
2026-06-24T02:40:44Z,zavod=401,survey=200,brand=405,smm=200,ssh22=OK,tcp443=OK
2026-06-24T02:45:50Z,zavod=401,survey=200,brand=405,smm=200,ssh22=OK,tcp443=OK
2026-06-24T02:50:25Z,zavod=401,survey=200,brand=405,smm=200,ssh22=OK,tcp443=OK
2026-06-24T02:55:39Z,zavod=401,survey=TIMEOUT,brand=405,smm=200,ssh22=OK,tcp443=OK
2026-06-24T03:00:39Z,zavod=401,survey=TIMEOUT,brand=405,smm=200,ssh22=OK,tcp443=OK
2026-06-24T03:05:46Z,zavod=401,survey=200,brand=405,smm=200,ssh22=OK,tcp443=OK
2026-06-24T03:10:53Z,zavod=401,survey=200,brand=405,smm=200,ssh22=OK,tcp443=OK
2026-06-24T03:15:30Z,zavod=401,survey=200,brand=405,smm=200,ssh22=OK,tcp443=OK
2026-06-24T03:20:37Z,zavod=401,survey=200,brand=405,smm=200,ssh22=OK,tcp443=OK
2026-06-24T03:25:42Z,zavod=401,survey=200,brand=405,smm=200,ssh22=OK,tcp443=OK
2026-06-24T03:30:53Z,zavod=401,survey=200,brand=405,smm=200,ssh22=OK,tcp443=OK
2026-06-24T03:35:28Z,zavod=401,survey=TIMEOUT,brand=405,smm=200,ssh22=OK,tcp443=OK
2026-06-24T03:40:44Z,zavod=401,survey=200,brand=405,smm=200,ssh22=OK,tcp443=OK
2026-06-24T03:45:31Z,zavod=401,survey=TIMEOUT,brand=405,smm=200,ssh22=OK,tcp443=OK
2026-06-24T03:50:38Z,zavod=401,survey=200,brand=405,smm=200,ssh22=OK,tcp443=OK
2026-06-24T03:55:23Z,zavod=401,survey=TIMEOUT,brand=405,smm=200,ssh22=OK,tcp443=OK
2026-06-24T04:00:43Z,zavod=401,survey=200,brand=405,smm=200,ssh22=OK,tcp443=OK
2026-06-24T04:05:22Z,zavod=401,survey=200,brand=405,smm=200,ssh22=OK,tcp443=OK
2026-06-24T04:10:31Z,zavod=401,survey=200,brand=405,smm=200,ssh22=OK,tcp443=OK
2026-06-24T04:15:51Z,zavod=401,survey=200,brand=405,smm=200,ssh22=OK,tcp443=OK
2026-06-24T04:20:29Z,zavod=401,survey=200,brand=405,smm=200,ssh22=OK,tcp443=OK
2026-06-24T04:25:37Z,zavod=401,survey=TIMEOUT,brand=405,smm=200,ssh22=OK,tcp443=OK
2026-06-24T04:30:48Z,zavod=401,survey=200,brand=405,smm=200,ssh22=OK,tcp443=OK
2026-06-24T04:35:25Z,zavod=401,survey=200,brand=405,smm=200,ssh22=OK,tcp443=OK
2026-06-24T04:40:32Z,zavod=401,survey=200,brand=405,smm=200,ssh22=FAIL,tcp443=FAIL
2026-06-24T04:45:41Z,zavod=401,survey=200,brand=405,smm=200,ssh22=OK,tcp443=OK
2026-06-24T04:50:48Z,zavod=401,survey=200,brand=405,smm=200,ssh22=OK,tcp443=OK
2026-06-24T04:55:24Z,zavod=401,survey=TIMEOUT,brand=TIMEOUT,smm=200,ssh22=OK,tcp443=OK
2026-06-24T05:00:55Z,zavod=401,survey=200,brand=405,smm=200,ssh22=OK,tcp443=OK
2026-06-24T05:05:38Z,zavod=401,survey=TIMEOUT,brand=405,smm=200,ssh22=OK,tcp443=OK
2026-06-24T05:10:47Z,zavod=401,survey=200,brand=405,smm=200,ssh22=OK,tcp443=OK
2026-06-24T05:15:27Z,zavod=401,survey=200,brand=405,smm=200,ssh22=OK,tcp443=OK
2026-06-24T05:20:49Z,zavod=401,survey=TIMEOUT,brand=405,smm=200,ssh22=OK,tcp443=OK
2026-06-24T05:25:25Z,zavod=401,survey=200,brand=405,smm=200,ssh22=OK,tcp443=OK
2026-06-24T05:30:40Z,zavod=401,survey=200,brand=405,smm=200,ssh22=OK,tcp443=OK
2026-06-24T05:35:48Z,zavod=401,survey=TIMEOUT,brand=405,smm=200,ssh22=OK,tcp443=OK
2026-06-24T05:40:27Z,zavod=401,survey=200,brand=405,smm=200,ssh22=OK,tcp443=OK
2026-06-24T05:45:38Z,zavod=401,survey=200,brand=405,smm=200,ssh22=OK,tcp443=OK
2026-06-24T05:50:47Z,zavod=401,survey=200,brand=405,smm=200,ssh22=OK,tcp443=OK
2026-06-24T05:55:23Z,zavod=401,survey=200,brand=405,smm=200,ssh22=OK,tcp443=OK
2026-06-24T06:00:49Z,zavod=401,survey=200,brand=405,smm=200,ssh22=OK,tcp443=OK
2026-06-24T06:05:33Z,zavod=401,survey=200,brand=405,smm=200,ssh22=OK,tcp443=OK
2026-06-24T06:10:45Z,zavod=401,survey=200,brand=405,smm=200,ssh22=OK,tcp443=OK
2026-06-24T06:15:27Z,zavod=401,survey=TIMEOUT,brand=TIMEOUT,smm=200,ssh22=OK,tcp443=OK
2026-06-24T06:20:48Z,zavod=401,survey=200,brand=TIMEOUT,smm=200,ssh22=OK,tcp443=OK
2026-06-24T06:25:27Z,zavod=401,survey=TIMEOUT,brand=405,smm=200,ssh22=OK,tcp443=OK
2026-06-24T06:30:44Z,zavod=401,survey=TIMEOUT,brand=405,smm=200,ssh22=OK,tcp443=OK
2026-06-24T06:35:47Z,zavod=401,survey=200,brand=405,smm=200,ssh22=OK,tcp443=OK
2026-06-24T06:40:28Z,zavod=401,survey=TIMEOUT,brand=405,smm=200,ssh22=OK,tcp443=OK
2026-06-24T06:45:40Z,zavod=401,survey=200,brand=405,smm=200,ssh22=OK,tcp443=OK
2026-06-24T06:50:50Z,zavod=401,survey=200,brand=405,smm=200,ssh22=OK,tcp443=OK
2026-06-24T06:55:27Z,zavod=401,survey=200,brand=405,smm=200,ssh22=OK,tcp443=OK
2026-06-24T07:00:41Z,zavod=401,survey=200,brand=405,smm=200,ssh22=OK,tcp443=OK
2026-06-24T07:05:38Z,zavod=401,survey=200,brand=405,smm=200,ssh22=OK,tcp443=OK
2026-06-24T07:10:49Z,zavod=401,survey=TIMEOUT,brand=405,smm=200,ssh22=OK,tcp443=OK
2026-06-24T07:15:33Z,zavod=401,survey=200,brand=405,smm=200,ssh22=OK,tcp443=OK
2026-06-24T07:20:49Z,zavod=401,survey=200,brand=405,smm=200,ssh22=OK,tcp443=OK
2026-06-24T07:25:27Z,zavod=401,survey=200,brand=405,smm=200,ssh22=OK,tcp443=OK
2026-06-24T07:31:26Z,zavod=401,survey=200,brand=405,smm=200,ssh22=OK,tcp443=OK
2026-06-24T07:35:37Z,zavod=401,survey=200,brand=405,smm=200,ssh22=OK,tcp443=OK
2026-06-24T07:40:38Z,zavod=401,survey=200,brand=405,smm=200,ssh22=OK,tcp443=OK
2026-06-24T07:45:46Z,zavod=401,survey=200,brand=405,smm=200,ssh22=OK,tcp443=OK
2026-06-24T07:50:49Z,zavod=401,survey=200,brand=405,smm=200,ssh22=OK,tcp443=OK
2026-06-24T07:55:27Z,zavod=401,survey=TIMEOUT,brand=405,smm=200,ssh22=OK,tcp443=OK
2026-06-24T08:00:52Z,zavod=401,survey=TIMEOUT,brand=405,smm=200,ssh22=OK,tcp443=OK
2026-06-24T08:05:49Z,zavod=401,survey=200,brand=405,smm=200,ssh22=OK,tcp443=OK
2026-06-24T08:10:51Z,zavod=401,survey=200,brand=405,smm=200,ssh22=OK,tcp443=OK
2026-06-24T08:15:35Z,zavod=401,survey=200,brand=405,smm=200,ssh22=OK,tcp443=OK
2026-06-24T08:20:49Z,zavod=401,survey=200,brand=405,smm=200,ssh22=OK,tcp443=OK
2026-06-24T08:25:39Z,zavod=401,survey=200,brand=405,smm=200,ssh22=OK,tcp443=OK
2026-06-24T08:30:45Z,zavod=401,survey=200,brand=405,smm=200,ssh22=OK,tcp443=OK
2026-06-24T08:35:38Z,zavod=401,survey=200,brand=405,smm=200,ssh22=OK,tcp443=OK
2026-06-24T08:40:30Z,zavod=401,survey=200,brand=405,smm=200,ssh22=OK,tcp443=OK
2026-06-24T08:45:35Z,zavod=401,survey=200,brand=405,smm=200,ssh22=OK,tcp443=OK
2026-06-24T08:50:49Z,zavod=401,survey=200,brand=TIMEOUT,smm=200,ssh22=OK,tcp443=OK
2026-06-24T08:55:24Z,zavod=401,survey=TIMEOUT,brand=405,smm=200,ssh22=OK,tcp443=OK
2026-06-24T09:00:47Z,zavod=401,survey=200,brand=405,smm=200,ssh22=OK,tcp443=OK
2026-06-24T09:05:29Z,zavod=401,survey=TIMEOUT,brand=405,smm=200,ssh22=OK,tcp443=OK
2026-06-24T09:10:40Z,zavod=401,survey=TIMEOUT,brand=TIMEOUT,smm=200,ssh22=OK,tcp443=OK
2026-06-24T09:15:52Z,zavod=401,survey=TIMEOUT,brand=405,smm=200,ssh22=OK,tcp443=OK
2026-06-24T09:20:33Z,zavod=401,survey=200,brand=405,smm=200,ssh22=OK,tcp443=OK
2026-06-24T09:25:42Z,zavod=401,survey=200,brand=405,smm=200,ssh22=OK,tcp443=OK
2026-06-24T09:30:57Z,zavod=401,survey=200,brand=405,smm=200,ssh22=OK,tcp443=OK
2026-06-24T09:35:38Z,zavod=401,survey=TIMEOUT,brand=405,smm=200,ssh22=OK,tcp443=OK
2026-06-24T09:40:48Z,zavod=401,survey=TIMEOUT,brand=TIMEOUT,smm=200,ssh22=OK,tcp443=OK
2026-06-24T09:45:28Z,zavod=401,survey=200,brand=405,smm=200,ssh22=OK,tcp443=OK
2026-06-24T09:50:39Z,zavod=401,survey=TIMEOUT,brand=TIMEOUT,smm=200,ssh22=OK,tcp443=OK
2026-06-24T09:55:47Z,zavod=401,survey=TIMEOUT,brand=TIMEOUT,smm=200,ssh22=OK,tcp443=OK
2026-06-24T10:01:07Z,zavod=401,survey=200,brand=405,smm=200,ssh22=OK,tcp443=OK
2026-06-24T10:05:49Z,zavod=401,survey=200,brand=405,smm=200,ssh22=OK,tcp443=OK
2026-06-24T10:10:28Z,zavod=401,survey=TIMEOUT,brand=405,smm=200,ssh22=OK,tcp443=OK
2026-06-24T10:15:40Z,zavod=401,survey=200,brand=405,smm=200,ssh22=OK,tcp443=OK
2026-06-24T10:20:51Z,zavod=401,survey=200,brand=405,smm=200,ssh22=OK,tcp443=OK
2026-06-24T10:25:27Z,zavod=401,survey=200,brand=405,smm=200,ssh22=OK,tcp443=OK
2026-06-24T10:30:43Z,zavod=401,survey=TIMEOUT,brand=TIMEOUT,smm=200,ssh22=OK,tcp443=OK
2026-06-24T10:35:52Z,zavod=401,survey=200,brand=405,smm=200,ssh22=OK,tcp443=OK
2026-06-24T10:40:30Z,zavod=401,survey=200,brand=405,smm=200,ssh22=OK,tcp443=OK
2026-06-24T10:45:42Z,zavod=401,survey=200,brand=405,smm=200,ssh22=OK,tcp443=OK
2026-06-24T10:50:51Z,zavod=401,survey=200,brand=405,smm=200,ssh22=OK,tcp443=OK
2026-06-24T10:55:28Z,zavod=401,survey=200,brand=405,smm=200,ssh22=OK,tcp443=OK
2026-06-24T11:00:50Z,zavod=401,survey=200,brand=405,smm=200,ssh22=OK,tcp443=OK
2026-06-24T11:05:32Z,zavod=401,survey=TIMEOUT,brand=405,smm=200,ssh22=OK,tcp443=OK
2026-06-24T11:10:42Z,zavod=TIMEOUT,survey=200,brand=TIMEOUT,smm=TIMEOUT,ssh22=OK,tcp443=OK
2026-06-24T11:15:53Z,zavod=401,survey=200,brand=405,smm=TIMEOUT,ssh22=OK,tcp443=OK
2026-06-24T11:20:34Z,zavod=401,survey=200,brand=405,smm=200,ssh22=OK,tcp443=OK
2026-06-24T11:25:42Z,zavod=401,survey=TIMEOUT,brand=TIMEOUT,smm=200,ssh22=OK,tcp443=OK
2026-06-24T11:30:57Z,zavod=TIMEOUT,survey=200,brand=405,smm=200,ssh22=OK,tcp443=OK
2026-06-24T11:35:38Z,zavod=401,survey=200,brand=405,smm=200,ssh22=OK,tcp443=OK
2026-06-24T11:40:49Z,zavod=401,survey=200,brand=405,smm=200,ssh22=OK,tcp443=OK
2026-06-24T11:45:31Z,zavod=401,survey=200,brand=405,smm=200,ssh22=OK,tcp443=OK
2026-06-24T11:50:43Z,zavod=401,survey=200,brand=405,smm=200,ssh22=OK,tcp443=OK
2026-06-24T11:55:52Z,zavod=401,survey=200,brand=405,smm=200,ssh22=OK,tcp443=OK
2026-06-24T12:00:46Z,zavod=401,survey=200,brand=405,smm=200,ssh22=OK,tcp443=OK
2026-06-24T12:05:30Z,zavod=401,survey=200,brand=405,smm=200,ssh22=OK,tcp443=OK
2026-06-24T12:10:42Z,zavod=401,survey=TIMEOUT,brand=405,smm=200,ssh22=OK,tcp443=OK
2026-06-24T12:15:26Z,zavod=401,survey=TIMEOUT,brand=405,smm=200,ssh22=OK,tcp443=OK
2026-06-24T12:20:40Z,zavod=401,survey=200,brand=405,smm=200,ssh22=OK,tcp443=OK
2026-06-24T12:25:50Z,zavod=401,survey=TIMEOUT,brand=TIMEOUT,smm=200,ssh22=OK,tcp443=OK
2026-06-24T12:30:34Z,zavod=401,survey=TIMEOUT,brand=405,smm=200,ssh22=OK,tcp443=OK
2026-06-24T12:35:23Z,zavod=401,survey=200,brand=405,smm=200,ssh22=FAIL,tcp443=FAIL
2026-06-24T12:40:44Z,zavod=401,survey=TIMEOUT,brand=405,smm=200,ssh22=OK,tcp443=OK
2026-06-24T12:45:54Z,zavod=401,survey=200,brand=405,smm=200,ssh22=OK,tcp443=OK
2026-06-24T12:50:34Z,zavod=401,survey=200,brand=405,smm=200,ssh22=OK,tcp443=OK
2026-06-24T12:55:42Z,zavod=401,survey=TIMEOUT,brand=TIMEOUT,smm=200,ssh22=OK,tcp443=OK
2026-06-24T13:01:04Z,zavod=401,survey=TIMEOUT,brand=405,smm=200,ssh22=OK,tcp443=OK
2026-06-24T13:05:46Z,zavod=401,survey=200,brand=405,smm=200,ssh22=OK,tcp443=OK
2026-06-24T13:10:26Z,zavod=401,survey=200,brand=405,smm=200,ssh22=OK,tcp443=OK
2026-06-24T13:15:38Z,zavod=401,survey=200,brand=405,smm=200,ssh22=OK,tcp443=OK
2026-06-24T13:20:49Z,zavod=401,survey=200,brand=405,smm=200,ssh22=OK,tcp443=OK
2026-06-24T13:25:25Z,zavod=401,survey=200,brand=405,smm=200,ssh22=OK,tcp443=OK
2026-06-24T13:30:39Z,zavod=401,survey=TIMEOUT,brand=TIMEOUT,smm=200,ssh22=OK,tcp443=OK
2026-06-24T13:35:27Z,zavod=401,survey=TIMEOUT,brand=405,smm=200,ssh22=OK,tcp443=OK
2026-06-24T13:40:40Z,zavod=401,survey=TIMEOUT,brand=405,smm=200,ssh22=OK,tcp443=OK
2026-06-24T13:45:50Z,zavod=401,survey=200,brand=405,smm=200,ssh22=OK,tcp443=OK
2026-06-24T13:50:41Z,zavod=401,survey=200,brand=405,smm=200,ssh22=OK,tcp443=OK
2026-06-24T13:55:48Z,zavod=401,survey=200,brand=405,smm=200,ssh22=OK,tcp443=OK
2026-06-24T14:00:40Z,zavod=401,survey=200,brand=405,smm=200,ssh22=OK,tcp443=OK
2026-06-24T14:05:51Z,zavod=401,survey=200,brand=405,smm=200,ssh22=OK,tcp443=OK
2026-06-24T14:10:30Z,zavod=401,survey=200,brand=405,smm=200,ssh22=OK,tcp443=OK
2026-06-24T14:15:51Z,zavod=401,survey=200,brand=405,smm=200,ssh22=OK,tcp443=OK
2026-06-24T14:20:29Z,zavod=401,survey=200,brand=405,smm=200,ssh22=OK,tcp443=OK
2026-06-24T14:25:39Z,zavod=401,survey=200,brand=TIMEOUT,smm=TIMEOUT,ssh22=OK,tcp443=OK
2026-06-24T14:30:55Z,zavod=401,survey=200,brand=405,smm=200,ssh22=OK,tcp443=OK
2026-06-24T14:35:35Z,zavod=401,survey=200,brand=405,smm=200,ssh22=OK,tcp443=OK
2026-06-24T14:40:46Z,zavod=401,survey=200,brand=405,smm=200,ssh22=OK,tcp443=OK
2026-06-24T14:45:40Z,zavod=401,survey=200,brand=405,smm=200,ssh22=OK,tcp443=OK
2026-06-24T14:50:49Z,zavod=401,survey=200,brand=TIMEOUT,smm=200,ssh22=OK,tcp443=OK
2026-06-24T14:55:27Z,zavod=401,survey=200,brand=405,smm=200,ssh22=OK,tcp443=OK
2026-06-24T15:01:00Z,zavod=401,survey=200,brand=405,smm=200,ssh22=OK,tcp443=OK
2026-06-24T15:05:42Z,zavod=401,survey=TIMEOUT,brand=405,smm=200,ssh22=OK,tcp443=OK
2026-06-24T15:10:51Z,zavod=401,survey=200,brand=405,smm=200,ssh22=OK,tcp443=OK
2026-06-24T15:15:29Z,zavod=401,survey=200,brand=405,smm=200,ssh22=OK,tcp443=OK
2026-06-24T15:20:51Z,zavod=401,survey=200,brand=405,smm=200,ssh22=OK,tcp443=OK
2026-06-24T15:25:26Z,zavod=401,survey=200,brand=405,smm=200,ssh22=OK,tcp443=OK
2026-06-24T15:30:41Z,zavod=401,survey=200,brand=405,smm=200,ssh22=OK,tcp443=OK
2026-06-24T15:35:48Z,zavod=401,survey=200,brand=405,smm=200,ssh22=OK,tcp443=OK
2026-06-24T15:40:25Z,zavod=401,survey=200,brand=405,smm=200,ssh22=OK,tcp443=OK
2026-06-24T15:45:33Z,zavod=401,survey=200,brand=405,smm=200,ssh22=OK,tcp443=OK
2026-06-24T15:50:42Z,zavod=401,survey=TIMEOUT,brand=405,smm=200,ssh22=OK,tcp443=OK
2026-06-24T15:55:47Z,zavod=401,survey=TIMEOUT,brand=405,smm=200,ssh22=OK,tcp443=OK
2026-06-24T16:00:37Z,zavod=401,survey=200,brand=405,smm=200,ssh22=OK,tcp443=OK
2026-06-24T16:05:47Z,zavod=401,survey=200,brand=405,smm=200,ssh22=OK,tcp443=OK
2026-06-24T16:10:24Z,zavod=401,survey=200,brand=405,smm=200,ssh22=OK,tcp443=OK
2026-06-24T16:15:44Z,zavod=401,survey=200,brand=TIMEOUT,smm=200,ssh22=OK,tcp443=OK
2026-06-24T16:20:51Z,zavod=401,survey=200,brand=405,smm=200,ssh22=OK,tcp443=OK
2026-06-24T16:25:25Z,zavod=401,survey=200,brand=405,smm=200,ssh22=OK,tcp443=OK
2026-06-24T16:30:38Z,zavod=401,survey=200,brand=405,smm=200,ssh22=OK,tcp443=OK
2026-06-24T16:35:44Z,zavod=401,survey=200,brand=405,smm=200,ssh22=OK,tcp443=OK
2026-06-24T16:40:51Z,zavod=401,survey=200,brand=405,smm=200,ssh22=OK,tcp443=OK
2026-06-24T16:45:28Z,zavod=401,survey=200,brand=405,smm=200,ssh22=OK,tcp443=OK
2026-06-24T16:50:35Z,zavod=401,survey=TIMEOUT,brand=405,smm=200,ssh22=OK,tcp443=OK
2026-06-24T16:55:41Z,zavod=401,survey=200,brand=405,smm=200,ssh22=OK,tcp443=OK
2026-06-24T17:00:59Z,zavod=401,survey=200,brand=405,smm=200,ssh22=OK,tcp443=OK
2026-06-24T17:05:48Z,zavod=401,survey=200,brand=405,smm=200,ssh22=OK,tcp443=OK
2026-06-24T17:10:25Z,zavod=401,survey=TIMEOUT,brand=405,smm=200,ssh22=OK,tcp443=OK
2026-06-24T17:15:32Z,zavod=401,survey=TIMEOUT,brand=405,smm=200,ssh22=OK,tcp443=OK
2026-06-24T17:20:41Z,zavod=401,survey=200,brand=405,smm=200,ssh22=OK,tcp443=OK
2026-06-24T17:25:45Z,zavod=401,survey=200,brand=405,smm=200,ssh22=OK,tcp443=OK
2026-06-24T17:30:56Z,zavod=401,survey=200,brand=405,smm=200,ssh22=OK,tcp443=OK
2026-06-24T17:35:33Z,zavod=401,survey=200,brand=405,smm=200,ssh22=OK,tcp443=OK
2026-06-24T17:40:51Z,zavod=401,survey=TIMEOUT,brand=405,smm=200,ssh22=OK,tcp443=OK
2026-06-24T17:45:29Z,zavod=401,survey=200,brand=405,smm=TIMEOUT,ssh22=OK,tcp443=OK
2026-06-24T17:50:36Z,zavod=401,survey=200,brand=405,smm=200,ssh22=OK,tcp443=OK
2026-06-24T17:55:51Z,zavod=401,survey=200,brand=405,smm=200,ssh22=OK,tcp443=OK
2026-06-24T18:00:39Z,zavod=401,survey=200,brand=405,smm=200,ssh22=OK,tcp443=OK
2026-06-24T18:05:48Z,zavod=401,survey=200,brand=405,smm=200,ssh22=OK,tcp443=OK
2026-06-24T18:10:24Z,zavod=401,survey=TIMEOUT,brand=405,smm=200,ssh22=OK,tcp443=OK
2026-06-24T18:15:32Z,zavod=401,survey=200,brand=405,smm=200,ssh22=OK,tcp443=OK
2026-06-24T18:20:40Z,zavod=401,survey=200,brand=405,smm=200,ssh22=OK,tcp443=OK
2026-06-24T18:25:43Z,zavod=401,survey=200,brand=405,smm=200,ssh22=OK,tcp443=OK
2026-06-24T18:30:53Z,zavod=401,survey=200,brand=405,smm=200,ssh22=OK,tcp443=OK
2026-06-24T18:35:28Z,zavod=401,survey=200,brand=405,smm=200,ssh22=OK,tcp443=OK
2026-06-24T18:40:37Z,zavod=401,survey=200,brand=405,smm=200,ssh22=OK,tcp443=OK
2026-06-24T18:45:46Z,zavod=401,survey=200,brand=405,smm=200,ssh22=OK,tcp443=OK
2026-06-24T18:50:52Z,zavod=401,survey=200,brand=405,smm=TIMEOUT,ssh22=OK,tcp443=OK
2026-06-24T18:55:35Z,zavod=401,survey=TIMEOUT,brand=TIMEOUT,smm=200,ssh22=OK,tcp443=OK
2026-06-24T19:00:53Z,zavod=401,survey=200,brand=405,smm=200,ssh22=OK,tcp443=OK
2026-06-24T19:05:30Z,zavod=401,survey=200,brand=405,smm=200,ssh22=OK,tcp443=OK
2026-06-24T19:10:39Z,zavod=401,survey=TIMEOUT,brand=405,smm=200,ssh22=OK,tcp443=OK
2026-06-24T19:15:43Z,zavod=401,survey=TIMEOUT,brand=405,smm=200,ssh22=OK,tcp443=OK
2026-06-24T19:20:50Z,zavod=401,survey=TIMEOUT,brand=TIMEOUT,smm=200,ssh22=OK,tcp443=OK
2026-06-24T19:25:23Z,zavod=401,survey=200,brand=405,smm=200,ssh22=FAIL,tcp443=FAIL
2026-06-24T19:30:35Z,zavod=401,survey=200,brand=405,smm=200,ssh22=OK,tcp443=OK
2026-06-24T19:35:39Z,zavod=401,survey=200,brand=405,smm=200,ssh22=OK,tcp443=OK
2026-06-24T19:40:45Z,zavod=401,survey=200,brand=405,smm=200,ssh22=OK,tcp443=OK
2026-06-24T19:45:50Z,zavod=401,survey=200,brand=405,smm=200,ssh22=OK,tcp443=OK
2026-06-24T19:50:25Z,zavod=401,survey=200,brand=405,smm=200,ssh22=OK,tcp443=OK
2026-06-24T19:55:29Z,zavod=401,survey=200,brand=405,smm=200,ssh22=OK,tcp443=OK
2026-06-24T20:00:47Z,zavod=401,survey=200,brand=405,smm=200,ssh22=OK,tcp443=OK
2026-06-24T20:05:24Z,zavod=401,survey=TIMEOUT,brand=405,smm=200,ssh22=OK,tcp443=OK
2026-06-24T20:10:30Z,zavod=401,survey=200,brand=405,smm=200,ssh22=OK,tcp443=OK
2026-06-24T20:15:37Z,zavod=401,survey=TIMEOUT,brand=405,smm=200,ssh22=OK,tcp443=OK
2026-06-24T20:20:43Z,zavod=401,survey=200,brand=405,smm=200,ssh22=OK,tcp443=OK
2026-06-24T20:25:46Z,zavod=401,survey=TIMEOUT,brand=405,smm=200,ssh22=OK,tcp443=OK
2026-06-24T20:30:58Z,zavod=401,survey=200,brand=405,smm=200,ssh22=OK,tcp443=OK
2026-06-24T20:35:31Z,zavod=401,survey=TIMEOUT,brand=405,smm=200,ssh22=OK,tcp443=OK
2026-06-24T20:40:38Z,zavod=401,survey=200,brand=405,smm=200,ssh22=OK,tcp443=OK
2026-06-24T20:45:44Z,zavod=401,survey=TIMEOUT,brand=405,smm=200,ssh22=OK,tcp443=OK
2026-06-24T20:50:49Z,zavod=401,survey=TIMEOUT,brand=405,smm=200,ssh22=OK,tcp443=OK
2026-06-24T20:55:21Z,zavod=401,survey=200,brand=405,smm=200,ssh22=OK,tcp443=OK
2026-06-24T21:00:49Z,zavod=401,survey=TIMEOUT,brand=405,smm=200,ssh22=OK,tcp443=OK
2026-06-24T21:05:27Z,zavod=401,survey=200,brand=405,smm=200,ssh22=OK,tcp443=OK
2026-06-24T21:10:32Z,zavod=401,survey=TIMEOUT,brand=405,smm=200,ssh22=OK,tcp443=OK
2026-06-24T21:15:40Z,zavod=401,survey=TIMEOUT,brand=405,smm=200,ssh22=OK,tcp443=OK
2026-06-24T21:20:44Z,zavod=401,survey=200,brand=405,smm=200,ssh22=OK,tcp443=OK
2026-06-24T21:25:47Z,zavod=401,survey=200,brand=405,smm=200,ssh22=OK,tcp443=OK
2026-06-24T21:30:57Z,zavod=401,survey=200,brand=405,smm=200,ssh22=OK,tcp443=OK
2026-06-24T21:35:30Z,zavod=401,survey=200,brand=405,smm=200,ssh22=OK,tcp443=OK
2026-06-24T21:40:37Z,zavod=401,survey=200,brand=405,smm=200,ssh22=OK,tcp443=OK
2026-06-24T21:45:42Z,zavod=401,survey=200,brand=405,smm=200,ssh22=OK,tcp443=OK
2026-06-24T21:50:46Z,zavod=401,survey=TIMEOUT,brand=TIMEOUT,smm=TIMEOUT,ssh22=OK,tcp443=OK
2026-06-24T21:55:46Z,zavod=401,survey=TIMEOUT,brand=405,smm=200,ssh22=OK,tcp443=OK
2026-06-24T22:01:01Z,zavod=401,survey=200,brand=405,smm=200,ssh22=OK,tcp443=OK
2026-06-24T22:05:37Z,zavod=401,survey=200,brand=405,smm=200,ssh22=OK,tcp443=OK
2026-06-24T22:10:42Z,zavod=401,survey=200,brand=405,smm=200,ssh22=OK,tcp443=OK
2026-06-24T22:15:46Z,zavod=401,survey=TIMEOUT,brand=TIMEOUT,smm=200,ssh22=OK,tcp443=OK
2026-06-24T22:20:49Z,zavod=401,survey=200,brand=405,smm=200,ssh22=OK,tcp443=OK
2026-06-24T22:25:21Z,zavod=401,survey=TIMEOUT,brand=405,smm=200,ssh22=OK,tcp443=OK
2026-06-24T22:30:29Z,zavod=401,survey=TIMEOUT,brand=TIMEOUT,smm=200,ssh22=OK,tcp443=OK
2026-06-24T22:35:33Z,zavod=401,survey=200,brand=405,smm=200,ssh22=OK,tcp443=OK
2026-06-24T22:40:38Z,zavod=401,survey=200,brand=405,smm=200,ssh22=OK,tcp443=OK
2026-06-24T22:45:42Z,zavod=401,survey=200,brand=405,smm=200,ssh22=OK,tcp443=OK
2026-06-24T22:50:46Z,zavod=401,survey=200,brand=405,smm=200,ssh22=OK,tcp443=OK
2026-06-24T22:55:46Z,zavod=401,survey=TIMEOUT,brand=TIMEOUT,smm=200,ssh22=OK,tcp443=OK
2026-06-24T23:01:01Z,zavod=401,survey=200,brand=405,smm=200,ssh22=OK,tcp443=OK
2026-06-24T23:05:48Z,zavod=401,survey=200,brand=405,smm=200,ssh22=OK,tcp443=OK
2026-06-24T23:10:51Z,zavod=401,survey=200,brand=405,smm=200,ssh22=OK,tcp443=OK
2026-06-24T23:15:24Z,zavod=401,survey=TIMEOUT,brand=TIMEOUT,smm=TIMEOUT,ssh22=OK,tcp443=OK
2026-06-24T23:20:27Z,zavod=401,survey=200,brand=405,smm=200,ssh22=OK,tcp443=OK
2026-06-24T23:25:29Z,zavod=401,survey=200,brand=405,smm=200,ssh22=OK,tcp443=OK
2026-06-24T23:30:38Z,zavod=401,survey=200,brand=405,smm=200,ssh22=OK,tcp443=OK
2026-06-24T23:35:40Z,zavod=401,survey=TIMEOUT,brand=TIMEOUT,smm=TIMEOUT,ssh22=OK,tcp443=OK
2026-06-24T23:40:43Z,zavod=401,survey=TIMEOUT,brand=405,smm=200,ssh22=OK,tcp443=OK
2026-06-24T23:45:47Z,zavod=401,survey=200,brand=405,smm=200,ssh22=OK,tcp443=OK
2026-06-24T23:50:50Z,zavod=401,survey=TIMEOUT,brand=TIMEOUT,smm=200,ssh22=OK,tcp443=OK
2026-06-24T23:55:20Z,zavod=401,survey=TIMEOUT,brand=405,smm=200,ssh22=OK,tcp443=OK
2026-06-25T00:01:08Z,zavod=401,survey=200,brand=405,smm=200,ssh22=OK,tcp443=OK
2026-06-25T00:05:45Z,zavod=401,survey=200,brand=405,smm=200,ssh22=OK,tcp443=OK
2026-06-25T00:10:50Z,zavod=401,survey=200,brand=405,smm=200,ssh22=OK,tcp443=OK
2026-06-25T00:15:26Z,zavod=401,survey=TIMEOUT,brand=TIMEOUT,smm=200,ssh22=OK,tcp443=OK
2026-06-25T00:20:32Z,zavod=401,survey=200,brand=405,smm=200,ssh22=OK,tcp443=OK
2026-06-25T00:25:36Z,zavod=401,survey=200,brand=405,smm=200,ssh22=OK,tcp443=OK
2026-06-25T00:30:46Z,zavod=401,survey=200,brand=405,smm=200,ssh22=OK,tcp443=OK
2026-06-25T00:35:34Z,zavod=401,survey=200,brand=405,smm=200,ssh22=OK,tcp443=OK
2026-06-25T00:40:40Z,zavod=401,survey=200,brand=405,smm=200,ssh22=OK,tcp443=OK
2026-06-25T00:45:44Z,zavod=401,survey=200,brand=405,smm=200,ssh22=OK,tcp443=OK
2026-06-25T00:50:49Z,zavod=401,survey=TIMEOUT,brand=405,smm=200,ssh22=OK,tcp443=OK
2026-06-25T00:55:36Z,zavod=401,survey=TIMEOUT,brand=405,smm=200,ssh22=OK,tcp443=OK
2026-06-25T01:00:52Z,zavod=401,survey=200,brand=405,smm=200,ssh22=OK,tcp443=OK
2026-06-25T01:05:28Z,zavod=TIMEOUT,survey=200,brand=TIMEOUT,smm=200,ssh22=OK,tcp443=OK
2026-06-25T01:10:32Z,zavod=TIMEOUT,survey=200,brand=405,smm=200,ssh22=OK,tcp443=OK
2026-06-25T01:15:39Z,zavod=401,survey=200,brand=405,smm=200,ssh22=OK,tcp443=OK
2026-06-25T01:20:44Z,zavod=401,survey=200,brand=405,smm=200,ssh22=OK,tcp443=OK
2026-06-25T01:25:46Z,zavod=401,survey=200,brand=405,smm=200,ssh22=OK,tcp443=OK
2026-06-25T01:30:55Z,zavod=401,survey=TIMEOUT,brand=TIMEOUT,smm=200,ssh22=OK,tcp443=OK
2026-06-25T01:35:26Z,zavod=401,survey=200,brand=405,smm=200,ssh22=OK,tcp443=OK
2026-06-25T01:40:30Z,zavod=401,survey=200,brand=405,smm=200,ssh22=OK,tcp443=OK
2026-06-25T01:45:35Z,zavod=401,survey=TIMEOUT,brand=TIMEOUT,smm=200,ssh22=OK,tcp443=OK
2026-06-25T01:50:51Z,zavod=401,survey=200,brand=405,smm=200,ssh22=OK,tcp443=OK
2026-06-25T01:55:23Z,zavod=401,survey=TIMEOUT,brand=405,smm=200,ssh22=OK,tcp443=OK
2026-06-25T02:00:50Z,zavod=401,survey=200,brand=405,smm=200,ssh22=OK,tcp443=OK
2026-06-25T02:05:27Z,zavod=401,survey=200,brand=405,smm=200,ssh22=OK,tcp443=OK
2026-06-25T02:10:42Z,zavod=401,survey=200,brand=405,smm=200,ssh22=OK,tcp443=OK
2026-06-25T02:15:47Z,zavod=401,survey=200,brand=405,smm=200,ssh22=OK,tcp443=OK
2026-06-25T02:20:52Z,zavod=401,survey=200,brand=405,smm=200,ssh22=OK,tcp443=OK
2026-06-25T02:25:25Z,zavod=401,survey=200,brand=405,smm=200,ssh22=OK,tcp443=OK
2026-06-25T02:30:34Z,zavod=401,survey=200,brand=405,smm=200,ssh22=OK,tcp443=OK
2026-06-25T02:35:49Z,zavod=401,survey=200,brand=405,smm=200,ssh22=OK,tcp443=OK
2026-06-25T02:40:52Z,zavod=401,survey=200,brand=405,smm=200,ssh22=OK,tcp443=OK
2026-06-25T02:45:27Z,zavod=401,survey=200,brand=405,smm=200,ssh22=OK,tcp443=OK
2026-06-25T02:50:31Z,zavod=401,survey=200,brand=405,smm=200,ssh22=OK,tcp443=OK
2026-06-25T02:55:34Z,zavod=401,survey=TIMEOUT,brand=405,smm=200,ssh22=OK,tcp443=OK
2026-06-25T03:00:52Z,zavod=401,survey=200,brand=405,smm=200,ssh22=OK,tcp443=OK
2026-06-25T03:05:28Z,zavod=401,survey=200,brand=405,smm=200,ssh22=OK,tcp443=OK
2026-06-25T03:10:34Z,zavod=TIMEOUT,survey=200,brand=405,smm=200,ssh22=OK,tcp443=OK
2026-06-25T03:15:41Z,zavod=401,survey=200,brand=405,smm=200,ssh22=FAIL,tcp443=FAIL
2026-06-25T03:20:46Z,zavod=401,survey=200,brand=405,smm=200,ssh22=OK,tcp443=OK
2026-06-25T03:25:50Z,zavod=401,survey=200,brand=405,smm=200,ssh22=OK,tcp443=OK
2026-06-25T03:30:44Z,zavod=401,survey=TIMEOUT,brand=TIMEOUT,smm=200,ssh22=OK,tcp443=OK
2026-06-25T03:35:48Z,zavod=401,survey=200,brand=405,smm=200,ssh22=OK,tcp443=OK
2026-06-25T03:40:53Z,zavod=401,survey=TIMEOUT,brand=TIMEOUT,smm=200,ssh22=OK,tcp443=OK
2026-06-25T03:45:28Z,zavod=401,survey=200,brand=405,smm=200,ssh22=OK,tcp443=OK
2026-06-25T03:50:34Z,zavod=401,survey=TIMEOUT,brand=405,smm=200,ssh22=OK,tcp443=OK
2026-06-25T03:55:37Z,zavod=401,survey=200,brand=405,smm=200,ssh22=OK,tcp443=OK
2026-06-25T04:00:54Z,zavod=401,survey=200,brand=405,smm=200,ssh22=OK,tcp443=OK
2026-06-25T04:05:41Z,zavod=401,survey=TIMEOUT,brand=TIMEOUT,smm=200,ssh22=OK,tcp443=OK
2026-06-25T04:10:46Z,zavod=401,survey=200,brand=405,smm=200,ssh22=OK,tcp443=OK
2026-06-25T04:15:52Z,zavod=401,survey=TIMEOUT,brand=405,smm=200,ssh22=OK,tcp443=OK
2026-06-25T04:20:27Z,zavod=401,survey=200,brand=405,smm=200,ssh22=OK,tcp443=OK
2026-06-25T04:25:30Z,zavod=401,survey=TIMEOUT,brand=405,smm=200,ssh22=OK,tcp443=OK
2026-06-25T04:30:42Z,zavod=401,survey=200,brand=405,smm=200,ssh22=OK,tcp443=OK
2026-06-25T04:35:46Z,zavod=401,survey=200,brand=405,smm=200,ssh22=OK,tcp443=OK
2026-06-25T04:40:51Z,zavod=401,survey=200,brand=405,smm=200,ssh22=OK,tcp443=OK
2026-06-25T04:45:29Z,zavod=401,survey=TIMEOUT,brand=405,smm=200,ssh22=OK,tcp443=OK
2026-06-25T04:50:37Z,zavod=401,survey=200,brand=405,smm=200,ssh22=OK,tcp443=OK
2026-06-25T04:55:21Z,zavod=401,survey=200,brand=405,smm=200,ssh22=OK,tcp443=OK
2026-06-25T05:00:54Z,zavod=401,survey=TIMEOUT,brand=TIMEOUT,smm=200,ssh22=OK,tcp443=OK
2026-06-25T05:05:42Z,zavod=401,survey=200,brand=405,smm=200,ssh22=OK,tcp443=OK
2026-06-25T05:10:50Z,zavod=401,survey=200,brand=405,smm=200,ssh22=OK,tcp443=OK
2026-06-25T05:15:28Z,zavod=401,survey=200,brand=405,smm=200,ssh22=OK,tcp443=OK
2026-06-25T05:20:38Z,zavod=401,survey=200,brand=405,smm=200,ssh22=OK,tcp443=OK
2026-06-25T05:25:42Z,zavod=401,survey=200,brand=405,smm=200,ssh22=OK,tcp443=OK
2026-06-25T05:30:54Z,zavod=401,survey=TIMEOUT,brand=405,smm=200,ssh22=OK,tcp443=OK
2026-06-25T05:35:32Z,zavod=401,survey=200,brand=405,smm=200,ssh22=OK,tcp443=OK
2026-06-25T05:40:41Z,zavod=401,survey=200,brand=405,smm=200,ssh22=OK,tcp443=OK
2026-06-25T05:45:50Z,zavod=401,survey=200,brand=405,smm=200,ssh22=OK,tcp443=OK
2026-06-25T05:50:27Z,zavod=401,survey=200,brand=405,smm=200,ssh22=OK,tcp443=OK
2026-06-25T05:55:35Z,zavod=401,survey=200,brand=405,smm=200,ssh22=OK,tcp443=OK
2026-06-25T06:00:54Z,zavod=401,survey=TIMEOUT,brand=405,smm=200,ssh22=OK,tcp443=OK
2026-06-25T06:05:37Z,zavod=401,survey=200,brand=405,smm=200,ssh22=OK,tcp443=OK
2026-06-25T06:10:47Z,zavod=401,survey=200,brand=405,smm=200,ssh22=OK,tcp443=OK
2026-06-25T06:15:27Z,zavod=401,survey=TIMEOUT,brand=405,smm=200,ssh22=OK,tcp443=OK
2026-06-25T06:20:38Z,zavod=401,survey=200,brand=405,smm=200,ssh22=OK,tcp443=OK
2026-06-25T06:25:45Z,zavod=401,survey=200,brand=405,smm=200,ssh22=OK,tcp443=OK
2026-06-25T06:31:00Z,zavod=401,survey=200,brand=405,smm=200,ssh22=OK,tcp443=OK
2026-06-25T06:35:39Z,zavod=401,survey=200,brand=405,smm=200,ssh22=OK,tcp443=OK
2026-06-25T06:40:49Z,zavod=401,survey=TIMEOUT,brand=TIMEOUT,smm=200,ssh22=OK,tcp443=OK
2026-06-25T06:45:28Z,zavod=401,survey=200,brand=405,smm=200,ssh22=OK,tcp443=OK
2026-06-25T06:50:39Z,zavod=401,survey=200,brand=405,smm=200,ssh22=OK,tcp443=OK
2026-06-25T06:55:27Z,zavod=401,survey=200,brand=405,smm=200,ssh22=OK,tcp443=OK
2026-06-25T07:00:49Z,zavod=401,survey=200,brand=405,smm=200,ssh22=OK,tcp443=OK
2026-06-25T07:05:31Z,zavod=401,survey=200,brand=405,smm=200,ssh22=OK,tcp443=OK
2026-06-25T07:10:42Z,zavod=401,survey=200,brand=405,smm=200,ssh22=OK,tcp443=OK
2026-06-25T07:15:53Z,zavod=401,survey=200,brand=405,smm=200,ssh22=OK,tcp443=OK
2026-06-25T07:20:45Z,zavod=401,survey=TIMEOUT,brand=405,smm=200,ssh22=OK,tcp443=OK
2026-06-25T07:25:39Z,zavod=401,survey=TIMEOUT,brand=405,smm=200,ssh22=OK,tcp443=OK
2026-06-25T07:30:33Z,zavod=401,survey=200,brand=405,smm=200,ssh22=OK,tcp443=OK
2026-06-25T07:35:22Z,zavod=401,survey=200,brand=405,smm=200,ssh22=OK,tcp443=OK
2026-06-25T07:40:32Z,zavod=401,survey=200,brand=405,smm=200,ssh22=OK,tcp443=OK
2026-06-25T07:45:44Z,zavod=401,survey=200,brand=405,smm=200,ssh22=OK,tcp443=OK
2026-06-25T07:50:25Z,zavod=401,survey=TIMEOUT,brand=TIMEOUT,smm=200,ssh22=OK,tcp443=OK
2026-06-25T07:55:43Z,zavod=401,survey=200,brand=405,smm=200,ssh22=OK,tcp443=OK
2026-06-25T08:01:07Z,zavod=401,survey=TIMEOUT,brand=405,smm=200,ssh22=FAIL,tcp443=FAIL
2026-06-25T08:05:50Z,zavod=401,survey=200,brand=405,smm=200,ssh22=OK,tcp443=OK
2026-06-25T08:10:30Z,zavod=401,survey=200,brand=405,smm=200,ssh22=OK,tcp443=OK
2026-06-25T08:15:54Z,zavod=401,survey=200,brand=405,smm=200,ssh22=OK,tcp443=OK
2026-06-25T08:20:34Z,zavod=401,survey=200,brand=405,smm=200,ssh22=OK,tcp443=OK
2026-06-25T08:25:43Z,zavod=401,survey=200,brand=405,smm=200,ssh22=OK,tcp443=OK
2026-06-25T08:31:00Z,zavod=401,survey=TIMEOUT,brand=TIMEOUT,smm=200,ssh22=OK,tcp443=OK
2026-06-25T08:35:42Z,zavod=401,survey=200,brand=405,smm=200,ssh22=OK,tcp443=OK
2026-06-25T08:40:33Z,zavod=401,survey=200,brand=405,smm=200,ssh22=OK,tcp443=OK
2026-06-25T08:45:54Z,zavod=401,survey=TIMEOUT,brand=405,smm=200,ssh22=OK,tcp443=OK
2026-06-25T08:50:44Z,zavod=401,survey=TIMEOUT,brand=405,smm=200,ssh22=OK,tcp443=OK
2026-06-25T08:55:22Z,zavod=401,survey=200,brand=405,smm=200,ssh22=OK,tcp443=OK
2026-06-25T09:00:45Z,zavod=401,survey=200,brand=TIMEOUT,smm=200,ssh22=OK,tcp443=OK
2026-06-25T09:05:30Z,zavod=401,survey=200,brand=405,smm=200,ssh22=OK,tcp443=OK
2026-06-25T09:10:43Z,zavod=401,survey=200,brand=405,smm=200,ssh22=OK,tcp443=OK
2026-06-25T09:15:26Z,zavod=401,survey=TIMEOUT,brand=405,smm=200,ssh22=OK,tcp443=OK
2026-06-25T09:20:40Z,zavod=401,survey=TIMEOUT,brand=405,smm=200,ssh22=OK,tcp443=OK
2026-06-25T09:25:49Z,zavod=401,survey=200,brand=405,smm=200,ssh22=OK,tcp443=OK
2026-06-25T09:30:45Z,zavod=401,survey=200,brand=405,smm=200,ssh22=OK,tcp443=OK
2026-06-25T09:35:25Z,zavod=401,survey=200,brand=405,smm=200,ssh22=OK,tcp443=OK
2026-06-25T09:40:49Z,zavod=401,survey=TIMEOUT,brand=TIMEOUT,smm=200,ssh22=OK,tcp443=OK
2026-06-25T09:45:29Z,zavod=401,survey=200,brand=405,smm=200,ssh22=OK,tcp443=OK
2026-06-25T09:50:42Z,zavod=401,survey=200,brand=405,smm=200,ssh22=OK,tcp443=OK
2026-06-25T09:55:51Z,zavod=401,survey=TIMEOUT,brand=405,smm=200,ssh22=OK,tcp443=OK
2026-06-25T10:00:43Z,zavod=401,survey=200,brand=TIMEOUT,smm=200,ssh22=OK,tcp443=OK
2026-06-25T10:05:27Z,zavod=401,survey=200,brand=405,smm=200,ssh22=OK,tcp443=OK
2026-06-25T10:10:40Z,zavod=401,survey=200,brand=405,smm=200,ssh22=OK,tcp443=OK
2026-06-25T10:15:54Z,zavod=401,survey=200,brand=405,smm=200,ssh22=OK,tcp443=OK
2026-06-25T10:20:46Z,zavod=401,survey=TIMEOUT,brand=405,smm=200,ssh22=OK,tcp443=OK
2026-06-25T10:25:25Z,zavod=401,survey=200,brand=405,smm=200,ssh22=OK,tcp443=OK
2026-06-25T10:30:54Z,zavod=401,survey=200,brand=405,smm=200,ssh22=OK,tcp443=OK
2026-06-25T10:35:34Z,zavod=401,survey=TIMEOUT,brand=405,smm=200,ssh22=OK,tcp443=OK
2026-06-25T10:40:46Z,zavod=401,survey=200,brand=405,smm=200,ssh22=OK,tcp443=OK
2026-06-25T10:45:26Z,zavod=401,survey=200,brand=405,smm=200,ssh22=OK,tcp443=OK
2026-06-25T10:50:38Z,zavod=401,survey=200,brand=405,smm=200,ssh22=OK,tcp443=OK
2026-06-25T10:55:47Z,zavod=401,survey=200,brand=405,smm=200,ssh22=OK,tcp443=OK
2026-06-25T11:00:52Z,zavod=401,survey=200,brand=405,smm=200,ssh22=OK,tcp443=OK
2026-06-25T11:05:36Z,zavod=401,survey=200,brand=405,smm=200,ssh22=FAIL,tcp443=FAIL
2026-06-25T11:10:49Z,zavod=401,survey=200,brand=405,smm=200,ssh22=OK,tcp443=OK
2026-06-25T11:15:32Z,zavod=401,survey=TIMEOUT,brand=405,smm=200,ssh22=OK,tcp443=OK
2026-06-25T11:20:54Z,zavod=401,survey=200,brand=405,smm=200,ssh22=OK,tcp443=OK
2026-06-25T11:25:43Z,zavod=401,survey=200,brand=405,smm=200,ssh22=OK,tcp443=OK
2026-06-25T11:30:39Z,zavod=401,survey=200,brand=405,smm=200,ssh22=OK,tcp443=OK
2026-06-25T11:35:50Z,zavod=401,survey=200,brand=405,smm=200,ssh22=OK,tcp443=OK
2026-06-25T11:40:30Z,zavod=401,survey=200,brand=405,smm=200,ssh22=OK,tcp443=OK
2026-06-25T11:45:53Z,zavod=401,survey=200,brand=405,smm=200,ssh22=OK,tcp443=OK
2026-06-25T11:50:33Z,zavod=401,survey=200,brand=405,smm=200,ssh22=OK,tcp443=OK
2026-06-25T11:55:42Z,zavod=401,survey=200,brand=405,smm=200,ssh22=OK,tcp443=OK
2026-06-25T12:01:06Z,zavod=401,survey=200,brand=405,smm=200,ssh22=OK,tcp443=OK
2026-06-25T12:05:50Z,zavod=401,survey=TIMEOUT,brand=TIMEOUT,smm=TIMEOUT,ssh22=OK,tcp443=OK
2026-06-25T12:10:30Z,zavod=401,survey=200,brand=405,smm=200,ssh22=OK,tcp443=OK
2026-06-25T12:15:44Z,zavod=401,survey=200,brand=405,smm=200,ssh22=OK,tcp443=OK
2026-06-25T12:20:26Z,zavod=401,survey=TIMEOUT,brand=405,smm=200,ssh22=OK,tcp443=OK
2026-06-25T12:25:36Z,zavod=401,survey=TIMEOUT,brand=405,smm=200,ssh22=OK,tcp443=OK
2026-06-25T12:30:56Z,zavod=401,survey=TIMEOUT,brand=405,smm=200,ssh22=OK,tcp443=OK
2026-06-25T12:35:29Z,zavod=401,survey=200,brand=405,smm=200,ssh22=OK,tcp443=OK
2026-06-25T12:40:45Z,zavod=401,survey=200,brand=405,smm=200,ssh22=OK,tcp443=OK
2026-06-25T12:45:27Z,zavod=401,survey=200,brand=405,smm=200,ssh22=OK,tcp443=OK
2026-06-25T12:50:40Z,zavod=401,survey=200,brand=405,smm=200,ssh22=OK,tcp443=OK
2026-06-25T12:55:50Z,zavod=401,survey=200,brand=405,smm=200,ssh22=FAIL,tcp443=FAIL
2026-06-25T13:00:54Z,zavod=401,survey=200,brand=405,smm=200,ssh22=OK,tcp443=OK
2026-06-25T13:05:36Z,zavod=401,survey=200,brand=405,smm=200,ssh22=OK,tcp443=OK
2026-06-25T13:10:45Z,zavod=401,survey=200,brand=405,smm=200,ssh22=OK,tcp443=OK
2026-06-25T13:15:54Z,zavod=401,survey=200,brand=405,smm=200,ssh22=OK,tcp443=OK
2026-06-25T13:20:43Z,zavod=401,survey=200,brand=405,smm=200,ssh22=OK,tcp443=OK
2026-06-25T13:25:30Z,zavod=401,survey=TIMEOUT,brand=405,smm=200,ssh22=OK,tcp443=OK
2026-06-25T13:30:49Z,zavod=401,survey=200,brand=405,smm=200,ssh22=OK,tcp443=OK
2026-06-25T13:35:28Z,zavod=401,survey=200,brand=405,smm=200,ssh22=OK,tcp443=OK
2026-06-25T13:40:49Z,zavod=401,survey=200,brand=405,smm=200,ssh22=OK,tcp443=OK
2026-06-25T13:45:28Z,zavod=401,survey=200,brand=405,smm=200,ssh22=OK,tcp443=OK
2026-06-25T13:50:37Z,zavod=401,survey=200,brand=405,smm=200,ssh22=OK,tcp443=OK
2026-06-25T13:55:43Z,zavod=401,survey=200,brand=405,smm=200,ssh22=OK,tcp443=OK
2026-06-25T14:00:43Z,zavod=401,survey=200,brand=405,smm=200,ssh22=OK,tcp443=OK
2026-06-25T14:05:23Z,zavod=401,survey=200,brand=405,smm=200,ssh22=OK,tcp443=OK
2026-06-25T14:10:31Z,zavod=401,survey=TIMEOUT,brand=405,smm=200,ssh22=OK,tcp443=OK
2026-06-25T14:15:40Z,zavod=401,survey=TIMEOUT,brand=405,smm=200,ssh22=OK,tcp443=OK
2026-06-25T14:20:49Z,zavod=401,survey=200,brand=405,smm=200,ssh22=OK,tcp443=OK
2026-06-25T14:25:24Z,zavod=401,survey=200,brand=405,smm=200,ssh22=OK,tcp443=OK
2026-06-25T14:30:49Z,zavod=401,survey=200,brand=405,smm=200,ssh22=OK,tcp443=OK
2026-06-25T14:35:37Z,zavod=401,survey=200,brand=405,smm=200,ssh22=OK,tcp443=OK
2026-06-25T14:40:46Z,zavod=401,survey=200,brand=405,smm=200,ssh22=OK,tcp443=OK
2026-06-25T14:45:55Z,zavod=401,survey=200,brand=405,smm=200,ssh22=OK,tcp443=OK
2026-06-25T14:50:30Z,zavod=401,survey=200,brand=405,smm=200,ssh22=OK,tcp443=OK
2026-06-25T14:55:36Z,zavod=401,survey=200,brand=405,smm=200,ssh22=FAIL,tcp443=FAIL
2026-06-25T15:00:55Z,zavod=401,survey=200,brand=405,smm=200,ssh22=OK,tcp443=OK
2026-06-25T15:05:36Z,zavod=401,survey=200,brand=405,smm=200,ssh22=OK,tcp443=OK
2026-06-25T15:10:46Z,zavod=401,survey=200,brand=405,smm=200,ssh22=OK,tcp443=OK
2026-06-25T15:15:53Z,zavod=401,survey=200,brand=405,smm=200,ssh22=OK,tcp443=OK
2026-06-25T15:20:25Z,zavod=401,survey=200,brand=405,smm=200,ssh22=FAIL,tcp443=FAIL
2026-06-25T15:25:24Z,zavod=401,survey=200,brand=405,smm=200,ssh22=OK,tcp443=OK
2026-06-25T15:30:31Z,zavod=401,survey=200,brand=405,smm=200,ssh22=OK,tcp443=OK
2026-06-25T15:35:32Z,zavod=401,survey=200,brand=405,smm=200,ssh22=OK,tcp443=OK
2026-06-25T15:40:34Z,zavod=401,survey=200,brand=405,smm=200,ssh22=OK,tcp443=OK
2026-06-25T15:45:37Z,zavod=401,survey=200,brand=405,smm=200,ssh22=OK,tcp443=OK
2026-06-25T15:50:39Z,zavod=401,survey=200,brand=405,smm=200,ssh22=OK,tcp443=OK
2026-06-25T15:55:34Z,zavod=401,survey=200,brand=405,smm=200,ssh22=OK,tcp443=OK
2026-06-25T16:00:51Z,zavod=401,survey=200,brand=405,smm=200,ssh22=OK,tcp443=OK
2026-06-25T16:05:27Z,zavod=401,survey=200,brand=405,smm=200,ssh22=OK,tcp443=OK
2026-06-25T16:10:41Z,zavod=401,survey=200,brand=405,smm=200,ssh22=OK,tcp443=OK
2026-06-25T16:15:26Z,zavod=401,survey=200,brand=405,smm=200,ssh22=OK,tcp443=OK
2026-06-25T16:20:27Z,zavod=401,survey=200,brand=405,smm=200,ssh22=OK,tcp443=OK
2026-06-25T16:25:29Z,zavod=401,survey=200,brand=405,smm=200,ssh22=OK,tcp443=OK
2026-06-25T16:30:49Z,zavod=401,survey=200,brand=405,smm=200,ssh22=OK,tcp443=OK
2026-06-25T16:35:50Z,zavod=401,survey=200,brand=TIMEOUT,smm=200,ssh22=OK,tcp443=OK
2026-06-25T16:40:53Z,zavod=401,survey=200,brand=405,smm=200,ssh22=OK,tcp443=OK
2026-06-25T16:45:26Z,zavod=401,survey=200,brand=405,smm=200,ssh22=OK,tcp443=OK
2026-06-25T16:50:27Z,zavod=401,survey=200,brand=405,smm=200,ssh22=OK,tcp443=OK
2026-06-25T16:55:26Z,zavod=401,survey=200,brand=405,smm=200,ssh22=OK,tcp443=OK
2026-06-25T17:00:41Z,zavod=401,survey=200,brand=TIMEOUT,smm=200,ssh22=OK,tcp443=OK
2026-06-25T17:05:45Z,zavod=401,survey=200,brand=405,smm=200,ssh22=OK,tcp443=OK
2026-06-25T17:10:47Z,zavod=401,survey=TIMEOUT,brand=405,smm=200,ssh22=OK,tcp443=OK
2026-06-25T17:15:34Z,zavod=401,survey=TIMEOUT,brand=TIMEOUT,smm=200,ssh22=OK,tcp443=OK
2026-06-25T17:20:36Z,zavod=401,survey=200,brand=405,smm=200,ssh22=OK,tcp443=OK
2026-06-25T17:25:35Z,zavod=401,survey=TIMEOUT,brand=TIMEOUT,smm=200,ssh22=OK,tcp443=OK
2026-06-25T17:30:42Z,zavod=401,survey=200,brand=405,smm=200,ssh22=OK,tcp443=OK
2026-06-25T17:35:41Z,zavod=401,survey=200,brand=405,smm=200,ssh22=OK,tcp443=OK
2026-06-25T17:40:42Z,zavod=401,survey=200,brand=405,smm=200,ssh22=OK,tcp443=OK
2026-06-25T17:45:43Z,zavod=401,survey=200,brand=405,smm=200,ssh22=OK,tcp443=OK
2026-06-25T17:50:43Z,zavod=401,survey=200,brand=405,smm=200,ssh22=OK,tcp443=OK
2026-06-25T17:55:44Z,zavod=401,survey=200,brand=405,smm=200,ssh22=OK,tcp443=OK
2026-06-25T18:00:45Z,zavod=401,survey=TIMEOUT,brand=405,smm=200,ssh22=OK,tcp443=OK
2026-06-25T18:05:47Z,zavod=401,survey=TIMEOUT,brand=TIMEOUT,smm=TIMEOUT,ssh22=OK,tcp443=OK
2026-06-25T18:10:47Z,zavod=401,survey=200,brand=405,smm=200,ssh22=OK,tcp443=OK
2026-06-25T18:15:47Z,zavod=401,survey=200,brand=405,smm=200,ssh22=OK,tcp443=OK
2026-06-25T18:20:47Z,zavod=401,survey=200,brand=405,smm=200,ssh22=OK,tcp443=OK
2026-06-25T18:25:44Z,zavod=401,survey=TIMEOUT,brand=405,smm=200,ssh22=OK,tcp443=OK
2026-06-25T18:30:48Z,zavod=401,survey=200,brand=405,smm=200,ssh22=OK,tcp443=OK
2026-06-25T18:35:46Z,zavod=401,survey=200,brand=405,smm=200,ssh22=OK,tcp443=OK
2026-06-25T18:40:25Z,zavod=401,survey=TIMEOUT,brand=405,smm=200,ssh22=OK,tcp443=OK
2026-06-25T18:45:24Z,zavod=401,survey=TIMEOUT,brand=TIMEOUT,smm=200,ssh22=OK,tcp443=OK
2026-06-25T18:50:24Z,zavod=401,survey=200,brand=405,smm=200,ssh22=OK,tcp443=OK
2026-06-25T18:55:46Z,zavod=401,survey=200,brand=405,smm=200,ssh22=OK,tcp443=OK
2026-06-25T19:00:47Z,zavod=401,survey=200,brand=405,smm=200,ssh22=OK,tcp443=OK
2026-06-25T19:05:21Z,zavod=401,survey=TIMEOUT,brand=405,smm=200,ssh22=OK,tcp443=OK
2026-06-25T19:10:24Z,zavod=401,survey=TIMEOUT,brand=405,smm=200,ssh22=OK,tcp443=OK
2026-06-25T19:15:27Z,zavod=401,survey=200,brand=405,smm=200,ssh22=OK,tcp443=OK
2026-06-25T19:20:40Z,zavod=401,survey=200,brand=405,smm=200,ssh22=OK,tcp443=OK
2026-06-25T19:25:40Z,zavod=401,survey=TIMEOUT,brand=405,smm=200,ssh22=OK,tcp443=OK
2026-06-25T19:30:48Z,zavod=401,survey=TIMEOUT,brand=TIMEOUT,smm=200,ssh22=OK,tcp443=OK
2026-06-25T19:35:20Z,zavod=401,survey=200,brand=405,smm=200,ssh22=OK,tcp443=OK
2026-06-25T19:40:53Z,zavod=401,survey=200,brand=405,smm=200,ssh22=OK,tcp443=OK
2026-06-25T19:45:38Z,zavod=401,survey=200,brand=405,smm=200,ssh22=OK,tcp443=OK
2026-06-25T19:50:51Z,zavod=401,survey=200,brand=405,smm=200,ssh22=OK,tcp443=OK
2026-06-25T19:55:21Z,zavod=401,survey=200,brand=405,smm=200,ssh22=OK,tcp443=OK
2026-06-25T20:00:37Z,zavod=401,survey=TIMEOUT,brand=TIMEOUT,smm=200,ssh22=OK,tcp443=OK
2026-06-25T20:05:41Z,zavod=401,survey=TIMEOUT,brand=405,smm=200,ssh22=OK,tcp443=OK
2026-06-25T20:10:44Z,zavod=401,survey=TIMEOUT,brand=TIMEOUT,smm=200,ssh22=OK,tcp443=OK
2026-06-25T20:15:48Z,zavod=401,survey=200,brand=405,smm=200,ssh22=OK,tcp443=OK
2026-06-25T20:20:52Z,zavod=401,survey=TIMEOUT,brand=TIMEOUT,smm=200,ssh22=OK,tcp443=OK
2026-06-25T20:25:22Z,zavod=401,survey=200,brand=405,smm=200,ssh22=OK,tcp443=OK
2026-06-25T20:30:58Z,zavod=401,survey=200,brand=405,smm=200,ssh22=OK,tcp443=OK
2026-06-25T20:35:31Z,zavod=401,survey=200,brand=405,smm=200,ssh22=OK,tcp443=OK
2026-06-25T20:40:30Z,zavod=401,survey=200,brand=405,smm=200,ssh22=OK,tcp443=OK
2026-06-25T20:45:44Z,zavod=401,survey=200,brand=405,smm=200,ssh22=OK,tcp443=OK
2026-06-25T20:50:46Z,zavod=401,survey=200,brand=405,smm=200,ssh22=OK,tcp443=OK
2026-06-25T20:55:43Z,zavod=401,survey=200,brand=405,smm=200,ssh22=OK,tcp443=OK
2026-06-25T21:00:57Z,zavod=401,survey=200,brand=405,smm=200,ssh22=OK,tcp443=OK
2026-06-25T21:05:35Z,zavod=401,survey=200,brand=405,smm=200,ssh22=OK,tcp443=OK
2026-06-25T21:10:40Z,zavod=401,survey=200,brand=405,smm=200,ssh22=OK,tcp443=OK
2026-06-25T21:15:53Z,zavod=401,survey=200,brand=405,smm=200,ssh22=OK,tcp443=OK
2026-06-25T21:20:26Z,zavod=401,survey=200,brand=405,smm=200,ssh22=OK,tcp443=OK
2026-06-25T21:25:30Z,zavod=401,survey=TIMEOUT,brand=TIMEOUT,smm=TIMEOUT,ssh22=OK,tcp443=OK
2026-06-25T21:30:42Z,zavod=401,survey=200,brand=405,smm=200,ssh22=OK,tcp443=OK
2026-06-25T21:35:46Z,zavod=401,survey=200,brand=405,smm=200,ssh22=OK,tcp443=OK
2026-06-25T21:40:52Z,zavod=401,survey=200,brand=405,smm=200,ssh22=OK,tcp443=OK
2026-06-25T21:45:27Z,zavod=401,survey=TIMEOUT,brand=405,smm=200,ssh22=OK,tcp443=OK
2026-06-25T21:50:32Z,zavod=401,survey=200,brand=405,smm=200,ssh22=OK,tcp443=OK
2026-06-25T21:55:37Z,zavod=401,survey=200,brand=405,smm=200,ssh22=OK,tcp443=OK
2026-06-25T22:00:44Z,zavod=401,survey=200,brand=405,smm=200,ssh22=OK,tcp443=OK
2026-06-25T22:05:50Z,zavod=401,survey=TIMEOUT,brand=405,smm=200,ssh22=OK,tcp443=OK
2026-06-25T22:10:24Z,zavod=401,survey=200,brand=405,smm=200,ssh22=OK,tcp443=OK
2026-06-25T22:15:29Z,zavod=401,survey=200,brand=405,smm=200,ssh22=OK,tcp443=OK
2026-06-25T22:20:45Z,zavod=401,survey=200,brand=405,smm=200,ssh22=OK,tcp443=OK
2026-06-25T22:25:49Z,zavod=401,survey=TIMEOUT,brand=405,smm=200,ssh22=OK,tcp443=OK
2026-06-25T22:30:58Z,zavod=401,survey=TIMEOUT,brand=405,smm=200,ssh22=OK,tcp443=OK
2026-06-25T22:35:34Z,zavod=401,survey=200,brand=405,smm=200,ssh22=OK,tcp443=OK
2026-06-25T22:40:48Z,zavod=401,survey=200,brand=405,smm=200,ssh22=OK,tcp443=OK
2026-06-25T22:45:53Z,zavod=401,survey=200,brand=405,smm=200,ssh22=OK,tcp443=OK
2026-06-25T22:50:26Z,zavod=401,survey=200,brand=405,smm=200,ssh22=OK,tcp443=OK
2026-06-25T22:55:28Z,zavod=401,survey=200,brand=405,smm=200,ssh22=OK,tcp443=OK
2026-06-25T23:00:43Z,zavod=401,survey=200,brand=TIMEOUT,smm=200,ssh22=FAIL,tcp443=FAIL
2026-06-25T23:05:49Z,zavod=401,survey=200,brand=405,smm=200,ssh22=OK,tcp443=OK
2026-06-25T23:10:23Z,zavod=401,survey=200,brand=405,smm=200,ssh22=OK,tcp443=OK
2026-06-25T23:15:28Z,zavod=401,survey=200,brand=405,smm=200,ssh22=OK,tcp443=OK
2026-06-25T23:20:43Z,zavod=401,survey=200,brand=405,smm=200,ssh22=OK,tcp443=OK
2026-06-25T23:25:45Z,zavod=TIMEOUT,survey=200,brand=405,smm=200,ssh22=OK,tcp443=OK
2026-06-25T23:30:34Z,zavod=401,survey=200,brand=405,smm=200,ssh22=OK,tcp443=OK
2026-06-25T23:35:49Z,zavod=401,survey=200,brand=405,smm=200,ssh22=OK,tcp443=OK
2026-06-25T23:40:52Z,zavod=TIMEOUT,survey=200,brand=405,smm=200,ssh22=OK,tcp443=OK
2026-06-25T23:45:26Z,zavod=401,survey=200,brand=405,smm=200,ssh22=OK,tcp443=OK
2026-06-25T23:50:30Z,zavod=401,survey=TIMEOUT,brand=405,smm=200,ssh22=OK,tcp443=OK
2026-06-25T23:55:31Z,zavod=401,survey=200,brand=405,smm=200,ssh22=OK,tcp443=OK
2026-06-26T00:00:52Z,zavod=401,survey=200,brand=405,smm=200,ssh22=OK,tcp443=OK
2026-06-26T00:05:34Z,zavod=401,survey=200,brand=405,smm=200,ssh22=OK,tcp443=OK
2026-06-26T00:10:40Z,zavod=TIMEOUT,survey=200,brand=405,smm=TIMEOUT,ssh22=OK,tcp443=OK
2026-06-26T00:15:27Z,zavod=401,survey=200,brand=405,smm=200,ssh22=OK,tcp443=OK
2026-06-26T00:20:32Z,zavod=401,survey=200,brand=405,smm=200,ssh22=OK,tcp443=OK
2026-06-26T00:25:37Z,zavod=401,survey=200,brand=405,smm=200,ssh22=OK,tcp443=OK
2026-06-26T00:30:47Z,zavod=401,survey=200,brand=405,smm=200,ssh22=OK,tcp443=OK
2026-06-26T00:35:50Z,zavod=401,survey=200,brand=405,smm=200,ssh22=OK,tcp443=OK
2026-06-26T00:40:24Z,zavod=401,survey=200,brand=405,smm=200,ssh22=OK,tcp443=OK
2026-06-26T00:45:27Z,zavod=401,survey=200,brand=TIMEOUT,smm=200,ssh22=OK,tcp443=OK
2026-06-26T00:50:42Z,zavod=401,survey=TIMEOUT,brand=405,smm=200,ssh22=OK,tcp443=OK
2026-06-26T00:55:45Z,zavod=401,survey=200,brand=405,smm=200,ssh22=OK,tcp443=OK
2026-06-26T01:01:00Z,zavod=401,survey=200,brand=405,smm=200,ssh22=OK,tcp443=OK
2026-06-26T01:05:39Z,zavod=401,survey=200,brand=405,smm=200,ssh22=OK,tcp443=OK
2026-06-26T01:10:43Z,zavod=401,survey=TIMEOUT,brand=405,smm=200,ssh22=OK,tcp443=OK
2026-06-26T01:15:29Z,zavod=401,survey=200,brand=405,smm=200,ssh22=OK,tcp443=OK
2026-06-26T01:20:35Z,zavod=401,survey=200,brand=405,smm=200,ssh22=OK,tcp443=OK
2026-06-26T01:25:38Z,zavod=401,survey=200,brand=405,smm=200,ssh22=OK,tcp443=OK
2026-06-26T01:30:47Z,zavod=401,survey=200,brand=405,smm=200,ssh22=OK,tcp443=OK
2026-06-26T01:35:51Z,zavod=401,survey=200,brand=405,smm=200,ssh22=OK,tcp443=OK
2026-06-26T01:40:24Z,zavod=TIMEOUT,survey=200,brand=TIMEOUT,smm=TIMEOUT,ssh22=OK,tcp443=OK
2026-06-26T01:45:28Z,zavod=401,survey=200,brand=405,smm=200,ssh22=OK,tcp443=OK
2026-06-26T01:50:44Z,zavod=401,survey=200,brand=405,smm=200,ssh22=OK,tcp443=OK
2026-06-26T01:55:46Z,zavod=401,survey=TIMEOUT,brand=TIMEOUT,smm=200,ssh22=OK,tcp443=OK
2026-06-26T02:01:04Z,zavod=401,survey=200,brand=405,smm=200,ssh22=OK,tcp443=OK
2026-06-26T02:05:41Z,zavod=401,survey=TIMEOUT,brand=405,smm=200,ssh22=FAIL,tcp443=FAIL
2026-06-26T02:10:46Z,zavod=401,survey=200,brand=405,smm=200,ssh22=OK,tcp443=OK
2026-06-26T02:15:52Z,zavod=401,survey=200,brand=405,smm=200,ssh22=OK,tcp443=OK
2026-06-26T02:20:26Z,zavod=401,survey=200,brand=TIMEOUT,smm=TIMEOUT,ssh22=OK,tcp443=OK
2026-06-26T02:25:29Z,zavod=401,survey=200,brand=405,smm=200,ssh22=FAIL,tcp443=FAIL
2026-06-26T02:30:39Z,zavod=401,survey=200,brand=405,smm=200,ssh22=OK,tcp443=OK
2026-06-26T02:35:44Z,zavod=401,survey=TIMEOUT,brand=405,smm=200,ssh22=OK,tcp443=OK
2026-06-26T02:40:47Z,zavod=401,survey=200,brand=405,smm=200,ssh22=OK,tcp443=OK
2026-06-26T02:45:52Z,zavod=401,survey=200,brand=405,smm=200,ssh22=OK,tcp443=OK
2026-06-26T02:50:25Z,zavod=401,survey=200,brand=405,smm=200,ssh22=OK,tcp443=OK
2026-06-26T02:55:27Z,zavod=401,survey=200,brand=405,smm=200,ssh22=OK,tcp443=OK
2026-06-26T03:00:48Z,zavod=401,survey=TIMEOUT,brand=TIMEOUT,smm=TIMEOUT,ssh22=OK,tcp443=OK
2026-06-26T03:05:24Z,zavod=401,survey=200,brand=405,smm=200,ssh22=OK,tcp443=OK
2026-06-26T03:10:28Z,zavod=401,survey=200,brand=405,smm=200,ssh22=OK,tcp443=OK
2026-06-26T03:15:46Z,zavod=401,survey=200,brand=405,smm=200,ssh22=OK,tcp443=OK
2026-06-26T03:20:51Z,zavod=401,survey=200,brand=405,smm=200,ssh22=OK,tcp443=OK
2026-06-26T03:25:23Z,zavod=401,survey=200,brand=405,smm=200,ssh22=OK,tcp443=OK
2026-06-26T03:30:33Z,zavod=401,survey=200,brand=405,smm=200,ssh22=OK,tcp443=OK
2026-06-26T03:35:38Z,zavod=401,survey=200,brand=405,smm=200,ssh22=OK,tcp443=OK
2026-06-26T03:40:43Z,zavod=401,survey=200,brand=405,smm=200,ssh22=OK,tcp443=OK
2026-06-26T03:45:57Z,zavod=401,survey=TIMEOUT,brand=TIMEOUT,smm=200,ssh22=OK,tcp443=OK
2026-06-26T03:50:32Z,zavod=401,survey=200,brand=405,smm=200,ssh22=OK,tcp443=OK
2026-06-26T03:55:46Z,zavod=401,survey=200,brand=405,smm=200,ssh22=OK,tcp443=OK
2026-06-26T04:01:03Z,zavod=401,survey=200,brand=405,smm=200,ssh22=OK,tcp443=OK
2026-06-26T04:05:41Z,zavod=401,survey=TIMEOUT,brand=405,smm=200,ssh22=OK,tcp443=OK
2026-06-26T04:10:46Z,zavod=401,survey=200,brand=405,smm=200,ssh22=OK,tcp443=OK
2026-06-26T04:15:52Z,zavod=401,survey=200,brand=405,smm=200,ssh22=OK,tcp443=OK
2026-06-26T04:20:26Z,zavod=401,survey=200,brand=405,smm=200,ssh22=OK,tcp443=OK
2026-06-26T04:25:41Z,zavod=401,survey=200,brand=405,smm=200,ssh22=OK,tcp443=OK
2026-06-26T04:30:52Z,zavod=401,survey=200,brand=405,smm=200,ssh22=OK,tcp443=OK
2026-06-26T04:35:26Z,zavod=401,survey=TIMEOUT,brand=TIMEOUT,smm=200,ssh22=OK,tcp443=OK
2026-06-26T04:40:33Z,zavod=401,survey=200,brand=405,smm=200,ssh22=OK,tcp443=OK
2026-06-26T04:45:41Z,zavod=401,survey=TIMEOUT,brand=405,smm=200,ssh22=OK,tcp443=OK
2026-06-26T04:50:47Z,zavod=401,survey=TIMEOUT,brand=TIMEOUT,smm=200,ssh22=OK,tcp443=OK
2026-06-26T04:55:50Z,zavod=401,survey=TIMEOUT,brand=405,smm=200,ssh22=OK,tcp443=OK
2026-06-26T05:00:40Z,zavod=401,survey=TIMEOUT,brand=405,smm=200,ssh22=OK,tcp443=OK
2026-06-26T05:05:50Z,zavod=401,survey=TIMEOUT,brand=405,smm=200,ssh22=OK,tcp443=OK
2026-06-26T05:10:26Z,zavod=401,survey=TIMEOUT,brand=405,smm=200,ssh22=OK,tcp443=OK
2026-06-26T05:15:37Z,zavod=401,survey=200,brand=405,smm=200,ssh22=OK,tcp443=OK
2026-06-26T05:20:47Z,zavod=401,survey=200,brand=405,smm=200,ssh22=OK,tcp443=OK
2026-06-26T05:25:21Z,zavod=401,survey=200,brand=405,smm=200,ssh22=OK,tcp443=OK
2026-06-26T05:30:45Z,zavod=401,survey=200,brand=405,smm=200,ssh22=OK,tcp443=OK
2026-06-26T05:35:22Z,zavod=401,survey=200,brand=405,smm=200,ssh22=OK,tcp443=OK
2026-06-26T05:40:29Z,zavod=401,survey=200,brand=405,smm=200,ssh22=OK,tcp443=OK
2026-06-26T05:45:30Z,zavod=401,survey=200,brand=405,smm=200,ssh22=OK,tcp443=OK
2026-06-26T05:50:39Z,zavod=401,survey=200,brand=405,smm=200,ssh22=OK,tcp443=OK
2026-06-26T05:55:47Z,zavod=401,survey=200,brand=405,smm=200,ssh22=OK,tcp443=OK
2026-06-26T06:01:10Z,zavod=401,survey=200,brand=405,smm=200,ssh22=OK,tcp443=OK
2026-06-26T06:05:23Z,zavod=401,survey=200,brand=405,smm=200,ssh22=OK,tcp443=OK
2026-06-26T06:10:34Z,zavod=401,survey=TIMEOUT,brand=TIMEOUT,smm=200,ssh22=OK,tcp443=OK
2026-06-26T06:15:48Z,zavod=401,survey=200,brand=405,smm=200,ssh22=OK,tcp443=OK
2026-06-26T06:20:41Z,zavod=401,survey=200,brand=405,smm=200,ssh22=OK,tcp443=OK
2026-06-26T06:25:52Z,zavod=401,survey=200,brand=405,smm=200,ssh22=OK,tcp443=OK
2026-06-26T06:30:38Z,zavod=401,survey=200,brand=405,smm=200,ssh22=OK,tcp443=OK
2026-06-26T06:35:50Z,zavod=401,survey=200,brand=405,smm=200,ssh22=OK,tcp443=OK
2026-06-26T06:40:42Z,zavod=401,survey=200,brand=TIMEOUT,smm=200,ssh22=OK,tcp443=OK
2026-06-26T06:45:27Z,zavod=401,survey=200,brand=405,smm=200,ssh22=OK,tcp443=OK
2026-06-26T06:50:41Z,zavod=401,survey=TIMEOUT,brand=405,smm=200,ssh22=OK,tcp443=OK
2026-06-26T06:55:23Z,zavod=401,survey=200,brand=405,smm=200,ssh22=OK,tcp443=OK
2026-06-26T07:00:50Z,zavod=401,survey=200,brand=405,smm=200,ssh22=FAIL,tcp443=FAIL
2026-06-26T07:05:38Z,zavod=401,survey=200,brand=405,smm=200,ssh22=OK,tcp443=OK
2026-06-26T07:10:31Z,zavod=401,survey=200,brand=405,smm=200,ssh22=OK,tcp443=OK
2026-06-26T07:15:28Z,zavod=401,survey=200,brand=405,smm=200,ssh22=OK,tcp443=OK
2026-06-26T07:20:44Z,zavod=401,survey=200,brand=405,smm=200,ssh22=OK,tcp443=OK
2026-06-26T07:25:25Z,zavod=401,survey=200,brand=405,smm=200,ssh22=OK,tcp443=OK
2026-06-26T07:30:54Z,zavod=401,survey=200,brand=405,smm=200,ssh22=OK,tcp443=OK
2026-06-26T07:35:38Z,zavod=401,survey=TIMEOUT,brand=TIMEOUT,smm=200,ssh22=OK,tcp443=OK
2026-06-26T07:40:53Z,zavod=401,survey=200,brand=405,smm=200,ssh22=OK,tcp443=OK
2026-06-26T07:45:37Z,zavod=401,survey=TIMEOUT,brand=405,smm=TIMEOUT,ssh22=OK,tcp443=OK
2026-06-26T07:50:52Z,zavod=401,survey=200,brand=405,smm=200,ssh22=OK,tcp443=OK
2026-06-26T07:55:31Z,zavod=401,survey=200,brand=405,smm=200,ssh22=OK,tcp443=OK
2026-06-26T08:01:02Z,zavod=401,survey=200,brand=405,smm=200,ssh22=OK,tcp443=OK
2026-06-26T08:05:40Z,zavod=401,survey=TIMEOUT,brand=405,smm=200,ssh22=OK,tcp443=OK
2026-06-26T08:10:35Z,zavod=401,survey=200,brand=405,smm=200,ssh22=OK,tcp443=OK
2026-06-26T08:15:53Z,zavod=401,survey=200,brand=405,smm=200,ssh22=OK,tcp443=OK
2026-06-26T08:20:49Z,zavod=401,survey=200,brand=405,smm=200,ssh22=OK,tcp443=OK
2026-06-26T08:25:31Z,zavod=401,survey=200,brand=405,smm=200,ssh22=OK,tcp443=OK
2026-06-26T08:30:54Z,zavod=401,survey=200,brand=405,smm=200,ssh22=OK,tcp443=OK
2026-06-26T08:35:39Z,zavod=401,survey=TIMEOUT,brand=405,smm=200,ssh22=OK,tcp443=OK
2026-06-26T08:40:33Z,zavod=401,survey=200,brand=405,smm=200,ssh22=OK,tcp443=OK
2026-06-26T08:45:51Z,zavod=401,survey=TIMEOUT,brand=405,smm=200,ssh22=OK,tcp443=OK
2026-06-26T08:50:36Z,zavod=401,survey=200,brand=405,smm=200,ssh22=OK,tcp443=OK
2026-06-26T08:55:28Z,zavod=401,survey=200,brand=405,smm=200,ssh22=OK,tcp443=OK
2026-06-26T09:00:59Z,zavod=401,survey=200,brand=405,smm=200,ssh22=OK,tcp443=OK
2026-06-26T09:05:49Z,zavod=401,survey=200,brand=405,smm=200,ssh22=OK,tcp443=OK
2026-06-26T09:10:33Z,zavod=401,survey=200,brand=TIMEOUT,smm=200,ssh22=OK,tcp443=OK
2026-06-26T09:15:53Z,zavod=401,survey=200,brand=405,smm=200,ssh22=OK,tcp443=OK
2026-06-26T09:20:39Z,zavod=401,survey=200,brand=TIMEOUT,smm=200,ssh22=OK,tcp443=OK
2026-06-26T09:25:24Z,zavod=401,survey=200,brand=405,smm=200,ssh22=OK,tcp443=OK
2026-06-26T09:30:47Z,zavod=401,survey=200,brand=405,smm=200,ssh22=OK,tcp443=OK
2026-06-26T09:35:44Z,zavod=401,survey=TIMEOUT,brand=405,smm=200,ssh22=OK,tcp443=OK
2026-06-26T09:40:29Z,zavod=401,survey=200,brand=405,smm=200,ssh22=OK,tcp443=OK
2026-06-26T09:45:46Z,zavod=401,survey=200,brand=405,smm=200,ssh22=OK,tcp443=OK
2026-06-26T09:50:29Z,zavod=401,survey=TIMEOUT,brand=405,smm=200,ssh22=OK,tcp443=OK
2026-06-26T09:55:43Z,zavod=401,survey=200,brand=TIMEOUT,smm=200,ssh22=OK,tcp443=OK
2026-06-26T10:00:55Z,zavod=401,survey=200,brand=405,smm=200,ssh22=OK,tcp443=OK
2026-06-26T10:05:44Z,zavod=401,survey=200,brand=405,smm=200,ssh22=OK,tcp443=OK
2026-06-26T10:10:41Z,zavod=401,survey=TIMEOUT,brand=405,smm=200,ssh22=OK,tcp443=OK
2026-06-26T10:15:39Z,zavod=401,survey=200,brand=405,smm=200,ssh22=OK,tcp443=OK
2026-06-26T10:20:57Z,zavod=401,survey=200,brand=405,smm=200,ssh22=OK,tcp443=OK
2026-06-26T10:25:39Z,zavod=401,survey=200,brand=405,smm=200,ssh22=OK,tcp443=OK
2026-06-26T10:31:02Z,zavod=401,survey=200,brand=405,smm=200,ssh22=OK,tcp443=OK
2026-06-26T10:35:48Z,zavod=401,survey=200,brand=405,smm=200,ssh22=OK,tcp443=OK
2026-06-26T10:40:33Z,zavod=401,survey=200,brand=405,smm=200,ssh22=OK,tcp443=OK
2026-06-26T10:45:32Z,zavod=401,survey=200,brand=405,smm=200,ssh22=OK,tcp443=OK
2026-06-26T10:50:49Z,zavod=401,survey=200,brand=405,smm=200,ssh22=OK,tcp443=OK
2026-06-26T10:55:30Z,zavod=401,survey=TIMEOUT,brand=405,smm=200,ssh22=OK,tcp443=OK
